exp_id,mode,fit_group,m,l,r,f_exp_compare6,f_exp_h5,freq_source_status,fit_status
CA_07+13_Mid_AA,axial,CA,556.6,2.338,0.008,0.3421,0.34209999442100525,both,used_in_fit
CA_07+13_Mid_AA,planar_rotation,CA,556.6,2.338,0.008,0.4118,0.41179999709129333,both,used_in_fit
CA_07+13_Mid_AA,radial,CA,556.6,2.338,0.008,0.3421,0.34209999442100525,both,used_in_fit
CA_07+13_Mid_AR,axial,CA,556.6,2.338,0.008,0.3425,0.3425000011920929,both,used_in_fit
CA_07+13_Mid_AR,planar_rotation,CA,556.6,2.338,0.008,0.4035,0.4034999907016754,both,used_in_fit
CA_07+13_Mid_AR,radial,CA,556.6,2.338,0.008,0.3425,0.3425000011920929,both,used_in_fit
CA_07+13_Mid_RA,axial,CA,556.6,2.338,0.008,0.3378,0.337799996137619,both,used_in_fit
CA_07+13_Mid_RA,planar_rotation,CA,556.6,2.338,0.008,0.4039,0.40389999747276306,both,used_in_fit
CA_07+13_Mid_RA,radial,CA,556.6,2.338,0.008,0.3378,0.337799996137619,both,used_in_fit
CA_07+13_Mid_RR,axial,CA,556.6,2.338,0.008,0.3412,0.34119999408721924,both,used_in_fit
CA_07+13_Mid_RR,planar_rotation,CA,556.6,2.338,0.008,0.3994,0.399399995803833,both,used_in_fit
CA_07+13_Mid_RR,radial,CA,556.6,2.338,0.008,0.3412,0.34119999408721924,both,used_in_fit
CA_07_A,axial,CA,488.2,0.739,0.008,0.6913,0.6912999749183655,both,used_in_fit
CA_07_A,planar_rotation,CA,488.2,0.739,0.008,0.7888,0.7888000011444092,both,used_in_fit
CA_07_A,radial,CA,488.2,0.739,0.008,0.6913,0.6912999749183655,both,used_in_fit
CA_07_R,axial,CA,488.2,0.739,0.008,0.6912,0.6912000179290771,both,used_in_fit
CA_07_R,planar_rotation,CA,488.2,0.739,0.008,0.801,0.8009999990463257,both,used_in_fit
CA_07_R,radial,CA,488.2,0.739,0.008,0.6912,0.6912000179290771,both,used_in_fit
CA_07_Top_A,axial,CA,556.6,0.999,0.008,0.5791,0.5791000127792358,both,used_in_fit
CA_07_Top_A,planar_rotation,CA,556.6,0.999,0.008,0.7112,0.7111999988555908,both,used_in_fit
CA_07_Top_A,radial,CA,556.6,0.999,0.008,0.5791,0.5791000127792358,both,used_in_fit
CA_07_Top_R,axial,CA,556.6,0.999,0.008,0.5633,0.5633000135421753,both,used_in_fit
CA_07_Top_R,planar_rotation,CA,556.6,0.999,0.008,0.6606,0.6606000065803528,both,used_in_fit
CA_07_Top_R,radial,CA,556.6,0.999,0.008,0.5633,0.5633000135421753,both,used_in_fit
CA_13+07_Mid_AA,axial,CA,556.6,2.338,0.008,0.3394,0.3393999934196472,both,used_in_fit
CA_13+07_Mid_AA,planar_rotation,CA,556.6,2.338,0.008,0.4109,0.4108999967575073,both,used_in_fit
CA_13+07_Mid_AA,radial,CA,556.6,2.338,0.008,0.3394,0.3393999934196472,both,used_in_fit
CA_13+07_Mid_AR,axial,CA,556.6,2.338,0.008,0.3365,0.33649998903274536,both,used_in_fit
CA_13+07_Mid_AR,planar_rotation,CA,556.6,2.338,0.008,0.412,0.41200000047683716,both,used_in_fit
CA_13+07_Mid_AR,radial,CA,556.6,2.338,0.008,0.3365,0.33649998903274536,both,used_in_fit
CA_13+07_Mid_RA,axial,CA,556.6,2.338,0.008,0.3373,0.33730000257492065,both,used_in_fit
CA_13+07_Mid_RA,planar_rotation,CA,556.6,2.338,0.008,0.4178,0.41780000925064087,both,used_in_fit
CA_13+07_Mid_RA,radial,CA,556.6,2.338,0.008,0.3373,0.33730000257492065,both,used_in_fit
CA_13+07_Mid_RR,axial,CA,556.6,2.338,0.008,0.3374,0.33739998936653137,both,used_in_fit
CA_13+07_Mid_RR,planar_rotation,CA,556.6,2.338,0.008,0.4235,0.4235000014305115,both,used_in_fit
CA_13+07_Mid_RR,radial,CA,556.6,2.338,0.008,0.3374,0.33739998936653137,both,used_in_fit
CA_13_A,axial,CA,488.2,1.339,0.008,0.4831,0.4830999970436096,both,used_in_fit
CA_13_A,planar_rotation,CA,488.2,1.339,0.008,0.5939,0.5939000248908997,both,used_in_fit
CA_13_A,radial,CA,488.2,1.339,0.008,0.4831,0.4830999970436096,both,used_in_fit
CA_13_R,axial,CA,488.2,1.339,0.008,0.473,0.4729999899864197,both,used_in_fit
CA_13_R,planar_rotation,CA,488.2,1.339,0.008,0.549,0.5490000247955322,both,used_in_fit
CA_13_R,radial,CA,488.2,1.339,0.008,0.473,0.4729999899864197,both,used_in_fit
CA_13_Top_A,axial,CA,556.6,1.599,0.008,0.4346,0.43459999561309814,both,used_in_fit
CA_13_Top_A,planar_rotation,CA,556.6,1.599,0.008,0.5654,0.5654000043869019,both,used_in_fit
CA_13_Top_A,radial,CA,556.6,1.599,0.008,0.4346,0.43459999561309814,both,used_in_fit
CA_13_Top_R,axial,CA,556.6,1.599,0.008,0.4371,0.43709999322891235,both,used_in_fit
CA_13_Top_R,planar_rotation,CA,556.6,1.599,0.008,0.5612,0.5612000226974487,both,used_in_fit
CA_13_Top_R,radial,CA,556.6,1.599,0.008,0.4371,0.43709999322891235,both,used_in_fit
CSBD_07_A,axial,OTHERS,435.693,0.7,0.0125,0.69619,0.6961899995803833,both,used_in_fit
CSBD_07_A,planar_rotation,OTHERS,435.693,0.7,0.0125,0.8522,0.8521999716758728,both,used_in_fit
CSBD_07_A,radial,OTHERS,435.693,1.065,0.0125,0.5457,0.5457000136375427,both,used_in_fit
CSBD_07_R,axial,OTHERS,435.693,0.7,0.0125,0.7128,0.7128000259399414,both,used_in_fit
CSBD_07_R,planar_rotation,OTHERS,435.693,0.7,0.0125,0.8596,0.8596000075340271,both,used_in_fit
CSBD_07_R,radial,OTHERS,435.693,1.065,0.0125,0.5291,0.5291000008583069,both,used_in_fit
CSBD_13_A,axial,OTHERS,435.793,1.3,0.0125,0.4763,0.4763000011444092,both,used_in_fit
CSBD_13_A,planar_rotation,OTHERS,435.793,1.3,0.0125,0.5595,0.559499979019165,both,used_in_fit
CSBD_13_A,radial,OTHERS,435.793,1.665,0.0125,0.4221,0.4221000075340271,both,used_in_fit
CSBD_13_R,axial,OTHERS,435.793,1.3,0.0125,0.4774,0.477400004863739,both,used_in_fit
CSBD_13_R,planar_rotation,OTHERS,435.793,1.3,0.0125,0.5605,0.5605000257492065,both,used_in_fit
CSBD_13_R,radial,OTHERS,435.793,1.665,0.0125,0.415,0.41499999165534973,both,used_in_fit
CSB_07_A,axial,OTHERS,491.0,0.81,0.018,0.5873,0.5873000025749207,both,used_in_fit
CSB_07_A,planar_rotation,OTHERS,491.0,0.81,0.018,0.81829,0.8182899951934814,both,used_in_fit
CSB_07_A,radial,OTHERS,491.0,1.445,0.018,0.411,0.41100001335144043,both,used_in_fit
CSB_07_R,axial,OTHERS,491.0,0.81,0.018,0.5786,0.5785999894142151,both,used_in_fit
CSB_07_R,planar_rotation,OTHERS,491.0,0.81,0.018,0.82229,0.8222900032997131,both,used_in_fit
CSB_07_R,radial,OTHERS,491.0,1.445,0.018,0.4139,0.4138999879360199,both,used_in_fit
CSB_13_A,axial,OTHERS,491.0,1.41,0.018,0.4291,0.42910000681877136,both,used_in_fit
CSB_13_A,planar_rotation,OTHERS,491.0,1.41,0.018,0.69267,0.6926699876785278,both,used_in_fit
CSB_13_A,radial,OTHERS,491.0,2.045,0.018,0.3485,0.34850001335144043,both,used_in_fit
CSB_13_R,axial,OTHERS,491.0,1.41,0.018,0.4405,0.4404999911785126,both,used_in_fit
CSB_13_R,planar_rotation,OTHERS,491.0,1.41,0.018,0.69567,0.6956700086593628,both,used_in_fit
CSB_13_R,radial,OTHERS,491.0,2.045,0.018,0.3504,0.35040000081062317,both,used_in_fit
TB_07+07_MidTop_AA,axial,OTHERS,486.14,2.097,0.008,0.3652,0.365200012922287,both,used_in_fit
TB_07+07_MidTop_AA,planar_rotation,OTHERS,486.14,2.097,0.008,0.4024,0.4023999869823456,both,used_in_fit
TB_07+07_MidTop_AA,radial,OTHERS,486.14,2.487,0.008,0.3198,0.3197999894618988,both,used_in_fit
TB_07+07_MidTop_AR,axial,OTHERS,486.14,2.097,0.008,0.3594,0.3594000041484833,both,used_in_fit
TB_07+07_MidTop_AR,planar_rotation,OTHERS,486.14,2.097,0.008,0.4087,0.40869998931884766,both,used_in_fit
TB_07+07_MidTop_AR,radial,OTHERS,486.14,2.487,0.008,0.3203,0.32030001282691956,both,used_in_fit
TB_07+07_MidTop_RA,axial,OTHERS,486.14,2.097,0.008,0.3711,0.3711000084877014,both,used_in_fit
TB_07+07_MidTop_RA,planar_rotation,OTHERS,486.14,2.097,0.008,0.4099,0.4099000096321106,both,used_in_fit
TB_07+07_MidTop_RA,radial,OTHERS,486.14,2.487,0.008,0.3213,0.3212999999523163,both,used_in_fit
TB_07+07_MidTop_RR,axial,OTHERS,486.14,2.097,0.008,0.3625,0.36250001192092896,both,used_in_fit
TB_07+07_MidTop_RR,planar_rotation,OTHERS,486.14,2.097,0.008,0.4176,0.41760000586509705,both,used_in_fit
TB_07+07_MidTop_RR,radial,OTHERS,486.14,2.487,0.008,0.3216,0.3215999901294708,both,used_in_fit
TB_07+07_Mid_AA,axial,OTHERS,451.94,1.837,0.008,0.3815,0.3815000057220459,both,used_in_fit
TB_07+07_Mid_AA,planar_rotation,OTHERS,451.94,1.837,0.008,0.43,0.4300000071525574,both,used_in_fit
TB_07+07_Mid_AA,radial,OTHERS,451.94,2.227,0.008,0.334,0.33399999141693115,both,used_in_fit
TB_07+07_Mid_AR,axial,OTHERS,451.94,1.837,0.008,0.3833,0.3833000063896179,both,used_in_fit
TB_07+07_Mid_AR,planar_rotation,OTHERS,451.94,1.837,0.008,0.4297,0.42969998717308044,both,used_in_fit
TB_07+07_Mid_AR,radial,OTHERS,451.94,2.227,0.008,0.3334,0.33340001106262207,both,used_in_fit
TB_07+07_Mid_RA,axial,OTHERS,451.94,1.837,0.008,0.3872,0.3871999979019165,both,used_in_fit
TB_07+07_Mid_RA,planar_rotation,OTHERS,451.94,1.837,0.008,0.432,0.4320000112056732,both,used_in_fit
TB_07+07_Mid_RA,radial,OTHERS,451.94,2.227,0.008,0.337,0.3370000123977661,both,used_in_fit
TB_07+07_Mid_RR,axial,OTHERS,451.94,1.837,0.008,0.3868,0.38679999113082886,both,used_in_fit
TB_07+07_Mid_RR,planar_rotation,OTHERS,451.94,1.837,0.008,0.4266,0.42660000920295715,both,used_in_fit
TB_07+07_Mid_RR,radial,OTHERS,451.94,2.227,0.008,0.3361,0.3361000120639801,both,used_in_fit
TB_07+13_MidTop_AA,axial,OTHERS,486.14,2.697,0.008,0.3159,0.3158999979496002,both,used_in_fit
TB_07+13_MidTop_AA,planar_rotation,OTHERS,486.14,2.697,0.008,0.3554,0.3553999960422516,both,used_in_fit
TB_07+13_MidTop_AA,radial,OTHERS,486.14,3.087,0.008,0.287,0.28700000047683716,both,used_in_fit
TB_07+13_MidTop_AR,axial,OTHERS,486.14,2.697,0.008,0.3105,0.31049999594688416,both,used_in_fit
TB_07+13_MidTop_AR,planar_rotation,OTHERS,486.14,2.697,0.008,0.3559,0.35589998960494995,both,used_in_fit
TB_07+13_MidTop_AR,radial,OTHERS,486.14,3.087,0.008,0.2869,0.28690001368522644,both,used_in_fit
TB_07+13_MidTop_RA,axial,OTHERS,486.14,2.697,0.008,0.3173,0.3172999918460846,both,used_in_fit
TB_07+13_MidTop_RA,planar_rotation,OTHERS,486.14,2.697,0.008,0.3565,0.3564999997615814,both,used_in_fit
TB_07+13_MidTop_RA,radial,OTHERS,486.14,3.087,0.008,0.2876,0.28760001063346863,both,used_in_fit
TB_07+13_MidTop_RR,axial,OTHERS,486.14,2.697,0.008,0.3189,0.3188999891281128,both,used_in_fit
TB_07+13_MidTop_RR,planar_rotation,OTHERS,486.14,2.697,0.008,0.3565,0.3564999997615814,both,used_in_fit
TB_07+13_MidTop_RR,radial,OTHERS,486.14,3.087,0.008,0.287,0.28700000047683716,both,used_in_fit
TB_07+13_Mid_AA,axial,OTHERS,451.94,2.437,0.008,0.3268,0.32679998874664307,both,used_in_fit
TB_07+13_Mid_AA,planar_rotation,OTHERS,451.94,2.437,0.008,0.3621,0.3621000051498413,both,used_in_fit
TB_07+13_Mid_AA,radial,OTHERS,451.94,2.827,0.008,0.2953,0.2953000068664551,both,used_in_fit
TB_07+13_Mid_AR,axial,OTHERS,451.94,2.437,0.008,0.328,0.328000009059906,both,used_in_fit
TB_07+13_Mid_AR,planar_rotation,OTHERS,451.94,2.437,0.008,0.3621,0.3621000051498413,both,used_in_fit
TB_07+13_Mid_AR,radial,OTHERS,451.94,2.827,0.008,0.2968,0.29679998755455017,both,used_in_fit
TB_07+13_Mid_RA,axial,OTHERS,451.94,2.437,0.008,0.3192,0.3192000091075897,both,used_in_fit
TB_07+13_Mid_RA,planar_rotation,OTHERS,451.94,2.437,0.008,0.374,0.37400001287460327,both,used_in_fit
TB_07+13_Mid_RA,radial,OTHERS,451.94,2.827,0.008,0.3009,0.30090001225471497,both,used_in_fit
TB_07+13_Mid_RR,axial,OTHERS,451.94,2.437,0.008,0.3303,0.3303000032901764,both,used_in_fit
TB_07+13_Mid_RR,planar_rotation,OTHERS,451.94,2.437,0.008,0.3593,0.35929998755455017,both,used_in_fit
TB_07+13_Mid_RR,radial,OTHERS,451.94,2.827,0.008,0.2989,0.2989000082015991,both,used_in_fit
TB_07_A,axial,OTHERS,417.74,0.778,0.008,0.6099,nan,compare6_only,used_in_fit
TB_07_A,planar_rotation,OTHERS,417.74,0.778,0.008,0.6965,nan,compare6_only,used_in_fit
TB_07_A,radial,OTHERS,417.74,1.168,0.008,0.4682,nan,compare6_only,used_in_fit
TB_07_R,axial,OTHERS,417.74,0.778,0.008,0.6095,0.609499990940094,both,used_in_fit
TB_07_R,planar_rotation,OTHERS,417.74,0.778,0.008,0.6962,0.6962000131607056,both,used_in_fit
TB_07_R,radial,OTHERS,417.74,1.168,0.008,0.4677,0.4677000045776367,both,used_in_fit
TB_07_Top_A,axial,OTHERS,451.94,1.038,0.008,0.5628,0.5627999901771545,both,used_in_fit
TB_07_Top_A,planar_rotation,OTHERS,451.94,1.038,0.008,0.599,0.5989999771118164,both,used_in_fit
TB_07_Top_A,radial,OTHERS,451.94,1.428,0.008,0.4256,0.42559999227523804,both,used_in_fit
TB_07_Top_R,axial,OTHERS,451.94,1.038,0.008,0.5294,0.5293999910354614,both,used_in_fit
TB_07_Top_R,planar_rotation,OTHERS,451.94,1.038,0.008,0.5712,0.5712000131607056,both,used_in_fit
TB_07_Top_R,radial,OTHERS,451.94,1.428,0.008,0.4224,0.42239999771118164,both,used_in_fit
TB_13+07_MidTop_AA,axial,OTHERS,486.14,2.697,0.008,0.3168,0.31679999828338623,both,used_in_fit
TB_13+07_MidTop_AA,planar_rotation,OTHERS,486.14,2.697,0.008,0.3558,0.35580000281333923,both,used_in_fit
TB_13+07_MidTop_AA,radial,OTHERS,486.14,3.087,0.008,0.2879,0.28790000081062317,both,used_in_fit
TB_13+07_MidTop_AR,axial,OTHERS,486.14,2.697,0.008,0.3147,0.31470000743865967,both,used_in_fit
TB_13+07_MidTop_AR,planar_rotation,OTHERS,486.14,2.697,0.008,0.3534,0.35339999198913574,both,used_in_fit
TB_13+07_MidTop_AR,radial,OTHERS,486.14,3.087,0.008,0.2868,0.28679999709129333,both,used_in_fit
TB_13+07_MidTop_RA,axial,OTHERS,486.14,2.697,0.008,0.3168,0.31679999828338623,both,used_in_fit
TB_13+07_MidTop_RA,planar_rotation,OTHERS,486.14,2.697,0.008,0.3535,0.35350000858306885,both,used_in_fit
TB_13+07_MidTop_RA,radial,OTHERS,486.14,3.087,0.008,0.2873,0.2872999906539917,both,used_in_fit
TB_13+07_MidTop_RR,axial,OTHERS,486.14,2.697,0.008,0.3133,0.3133000135421753,both,used_in_fit
TB_13+07_MidTop_RR,planar_rotation,OTHERS,486.14,2.697,0.008,0.3526,0.35260000824928284,both,used_in_fit
TB_13+07_MidTop_RR,radial,OTHERS,486.14,3.087,0.008,0.2874,0.2874000072479248,both,used_in_fit
TB_13+07_Mid_AA,axial,OTHERS,451.94,2.437,0.008,0.3263,0.3262999951839447,both,used_in_fit
TB_13+07_Mid_AA,planar_rotation,OTHERS,451.94,2.437,0.008,0.3607,0.36070001125335693,both,used_in_fit
TB_13+07_Mid_AA,radial,OTHERS,451.94,2.827,0.008,0.2993,0.2992999851703644,both,used_in_fit
TB_13+07_Mid_AR,axial,OTHERS,451.94,2.437,0.008,0.3272,0.3271999955177307,both,used_in_fit
TB_13+07_Mid_AR,planar_rotation,OTHERS,451.94,2.437,0.008,0.3736,0.3736000061035156,both,used_in_fit
TB_13+07_Mid_AR,radial,OTHERS,451.94,2.827,0.008,0.2963,0.2962999939918518,both,used_in_fit
TB_13+07_Mid_RA,axial,OTHERS,451.94,2.437,0.008,0.3356,0.33559998869895935,both,used_in_fit
TB_13+07_Mid_RA,planar_rotation,OTHERS,451.94,2.437,0.008,0.3673,0.36730000376701355,both,used_in_fit
TB_13+07_Mid_RA,radial,OTHERS,451.94,2.827,0.008,0.2981,0.29809999465942383,both,used_in_fit
TB_13+07_Mid_RR,axial,OTHERS,451.94,2.437,0.008,0.3305,0.3305000066757202,both,used_in_fit
TB_13+07_Mid_RR,planar_rotation,OTHERS,451.94,2.437,0.008,0.3714,0.37139999866485596,both,used_in_fit
TB_13+07_Mid_RR,radial,OTHERS,451.94,2.827,0.008,0.2972,0.2971999943256378,both,used_in_fit
TB_13_A,axial,OTHERS,417.74,1.378,0.008,0.4457,0.4456999897956848,both,used_in_fit
TB_13_A,planar_rotation,OTHERS,417.74,1.378,0.008,0.4848,0.4848000109195709,both,used_in_fit
TB_13_A,radial,OTHERS,417.74,1.768,0.008,0.3691,0.36910000443458557,both,used_in_fit
TB_13_R,axial,OTHERS,417.74,1.378,0.008,0.4496,0.4496000111103058,both,used_in_fit
TB_13_R,planar_rotation,OTHERS,417.74,1.378,0.008,0.485,0.48500001430511475,both,used_in_fit
TB_13_R,radial,OTHERS,417.74,1.768,0.008,0.3704,0.37040001153945923,both,used_in_fit
TB_13_Top_A,axial,OTHERS,451.94,1.638,0.008,0.4026,0.4025999903678894,both,used_in_fit
TB_13_Top_A,planar_rotation,OTHERS,451.94,1.638,0.008,0.4517,0.45170000195503235,both,used_in_fit
TB_13_Top_A,radial,OTHERS,451.94,2.028,0.008,0.3517,0.3517000079154968,both,used_in_fit
TB_13_Top_R,axial,OTHERS,451.94,1.638,0.008,0.4072,0.40720000863075256,both,used_in_fit
TB_13_Top_R,planar_rotation,OTHERS,451.94,1.638,0.008,0.454,0.45399999618530273,both,used_in_fit
TB_13_Top_R,radial,OTHERS,451.94,2.028,0.008,0.352,0.35199999809265137,both,used_in_fit
