exp_id,mode,fit_group,m,l,r,f_exp_compare6,f_exp_h5,f_exp_used,f_pend,f_fit,fit_used,err_abs_hz,err_rel,A_mode,B_mode
CA_07_A,radial,CA,488.2,0.739,0.008,0.6913,0.6912999749183655,0.6913,0.5798723704505615,0.7038635940744765,True,0.012563594074476492,0.018173866735825966,272.8202146046651,-0.4045272173644761
CA_07_R,radial,CA,488.2,0.739,0.008,0.6912,0.6912000179290771,0.6912,0.5798723704505615,0.7038635940744765,True,0.01266359407447648,0.01832117198274954,272.8202146046651,-0.4045272173644761
CA_13_A,radial,CA,488.2,1.339,0.008,0.4831,0.4830999970436096,0.4831,0.43078874365525127,0.47296993136446475,True,0.010130068635535228,0.020968885604502645,272.8202146046651,-0.4045272173644761
CA_13_R,radial,CA,488.2,1.339,0.008,0.473,0.4729999899864197,0.473,0.43078874365525127,0.47296993136446475,True,3.006863553522976e-05,6.35700539856866e-05,272.8202146046651,-0.4045272173644761
CA_07_Top_A,radial,CA,556.6,0.999,0.008,0.5791,0.5791000127792358,0.5791,0.49873734753340665,0.5708244460682429,True,0.008275553931757051,0.014290371147914094,272.8202146046651,-0.4045272173644761
CA_07_Top_R,radial,CA,556.6,0.999,0.008,0.5633,0.5633000135421753,0.5633,0.49873734753340665,0.5708244460682429,True,0.007524446068242874,0.013357795256955216,272.8202146046651,-0.4045272173644761
CA_13_Top_A,radial,CA,556.6,1.599,0.008,0.4346,0.43459999561309814,0.4346,0.3942125112065391,0.42459866219971015,True,0.010001337800289833,0.023012742292429438,272.8202146046651,-0.4045272173644761
CA_13_Top_R,radial,CA,556.6,1.599,0.008,0.4371,0.43709999322891235,0.4371,0.3942125112065391,0.42459866219971015,True,0.012501337800289836,0.028600635553168236,272.8202146046651,-0.4045272173644761
CA_07+13_Mid_AA,radial,CA,556.6,2.338,0.008,0.3421,0.34209999442100525,0.3421,0.32601109607798334,0.3409736616371026,True,0.0011263383628974388,0.0032924243288437265,272.8202146046651,-0.4045272173644761
CA_07+13_Mid_AR,radial,CA,556.6,2.338,0.008,0.3425,0.3425000011920929,0.3425,0.32601109607798334,0.3409736616371026,True,0.0015263383628974503,0.004456462373423212,272.8202146046651,-0.4045272173644761
CA_07+13_Mid_RA,radial,CA,556.6,2.338,0.008,0.3378,0.337799996137619,0.3378,0.32601109607798334,0.3409736616371026,True,0.003173661637102587,0.00939509069598161,272.8202146046651,-0.4045272173644761
CA_07+13_Mid_RR,radial,CA,556.6,2.338,0.008,0.3412,0.34119999408721924,0.3412,0.32601109607798334,0.3409736616371026,True,0.00022633836289742693,0.000663359797471943,272.8202146046651,-0.4045272173644761
CA_13+07_Mid_AA,radial,CA,556.6,2.338,0.008,0.3394,0.3393999934196472,0.3394,0.32601109607798334,0.3409736616371026,True,0.0015736616371025969,0.004636598812912778,272.8202146046651,-0.4045272173644761
CA_13+07_Mid_AR,radial,CA,556.6,2.338,0.008,0.3365,0.33649998903274536,0.3365,0.32601109607798334,0.3409736616371026,True,0.004473661637102555,0.013294685400007592,272.8202146046651,-0.4045272173644761
CA_13+07_Mid_RA,radial,CA,556.6,2.338,0.008,0.3373,0.33730000257492065,0.3373,0.32601109607798334,0.3409736616371026,True,0.0036736616371025876,0.010891377518833643,272.8202146046651,-0.4045272173644761
CA_13+07_Mid_RR,radial,CA,556.6,2.338,0.008,0.3374,0.33739998936653137,0.3374,0.32601109607798334,0.3409736616371026,True,0.0035736616371025987,0.01059176537374807,272.8202146046651,-0.4045272173644761
TB_07_A,radial,OTHERS,417.74,1.168,0.008,0.4682,nan,0.4682,0.4612466383316944,0.4722650382882898,True,0.004065038288289802,0.008682268877167453,30.45839197950269,-0.29338204004292534
TB_07_R,radial,OTHERS,417.74,1.168,0.008,0.4677,0.4677000045776367,0.4677,0.4612466383316944,0.4722650382882898,True,0.004565038288289802,0.009760612119499256,30.45839197950269,-0.29338204004292534
TB_13_A,radial,OTHERS,417.74,1.768,0.008,0.3691,0.36910000443458557,0.3691,0.37489832926630984,0.38016282757779885,True,0.011062827577798862,0.029972439929013443,30.45839197950269,-0.29338204004292534
TB_13_R,radial,OTHERS,417.74,1.768,0.008,0.3704,0.37040001153945923,0.3704,0.37489832926630984,0.38016282757779885,True,0.009762827577798838,0.026357525857988225,30.45839197950269,-0.29338204004292534
TB_07_Top_A,radial,OTHERS,451.94,1.428,0.008,0.4256,0.42559999227523804,0.4256,0.4171483514492538,0.42485289413641125,True,0.0007471058635887262,0.001755417912567496,30.45839197950269,-0.29338204004292534
TB_07_Top_R,radial,OTHERS,451.94,1.428,0.008,0.4224,0.42239999771118164,0.4224,0.4171483514492538,0.42485289413641125,True,0.0024528941364112544,0.00580704104264028,30.45839197950269,-0.29338204004292534
TB_13_Top_A,radial,OTHERS,451.94,2.028,0.008,0.3517,0.3517000079154968,0.3517,0.3500424057734455,0.35416325624418066,True,0.002463256244180645,0.0070038562530015495,30.45839197950269,-0.29338204004292534
TB_13_Top_R,radial,OTHERS,451.94,2.028,0.008,0.352,0.35199999809265137,0.352,0.3500424057734455,0.35416325624418066,True,0.002163256244180678,0.006145614330058745,30.45839197950269,-0.29338204004292534
TB_07+07_Mid_AA,radial,OTHERS,451.94,2.227,0.008,0.334,0.33399999141693115,0.334,0.33403696323571497,0.3375233069053238,True,0.0035233069053237642,0.010548823069831629,30.45839197950269,-0.29338204004292534
TB_07+07_Mid_AR,radial,OTHERS,451.94,2.227,0.008,0.3334,0.33340001106262207,0.3334,0.33403696323571497,0.3375233069053238,True,0.004123306905323809,0.012367447226526123,30.45839197950269,-0.29338204004292534
TB_07+07_Mid_RA,radial,OTHERS,451.94,2.227,0.008,0.337,0.3370000123977661,0.337,0.33403696323571497,0.3375233069053238,True,0.0005233069053237616,0.0015528394816728829,30.45839197950269,-0.29338204004292534
TB_07+07_Mid_RR,radial,OTHERS,451.94,2.227,0.008,0.3361,0.3361000120639801,0.3361,0.33403696323571497,0.3375233069053238,True,0.0014233069053237735,0.004234772107479243,30.45839197950269,-0.29338204004292534
TB_07+13_Mid_AA,radial,OTHERS,451.94,2.827,0.008,0.2953,0.2953000068664551,0.2953,0.29647749400409673,0.29875344283058153,True,0.0034534428305815212,0.011694692958284866,30.45839197950269,-0.29338204004292534
TB_07+13_Mid_AR,radial,OTHERS,451.94,2.827,0.008,0.2968,0.29679998755455017,0.2968,0.29647749400409673,0.29875344283058153,True,0.00195344283058152,0.0065816806960293794,30.45839197950269,-0.29338204004292534
TB_07+13_Mid_RA,radial,OTHERS,451.94,2.827,0.008,0.3009,0.30090001225471497,0.3009,0.29647749400409673,0.29875344283058153,True,0.0021465571694184726,0.007133789197136832,30.45839197950269,-0.29338204004292534
TB_07+13_Mid_RR,radial,OTHERS,451.94,2.827,0.008,0.2989,0.2989000082015991,0.2989,0.29647749400409673,0.29875344283058153,True,0.00014655716941847086,0.0004903217444579152,30.45839197950269,-0.29338204004292534
TB_13+07_Mid_AA,radial,OTHERS,451.94,2.827,0.008,0.2993,0.2992999851703644,0.2993,0.29647749400409673,0.29875344283058153,True,0.0005465571694184823,0.0018261181738004754,30.45839197950269,-0.29338204004292534
TB_13+07_Mid_AR,radial,OTHERS,451.94,2.827,0.008,0.2963,0.2962999939918518,0.2963,0.29647749400409673,0.29875344283058153,True,0.0024534428305815204,0.008280266049887007,30.45839197950269,-0.29338204004292534
TB_13+07_Mid_RA,radial,OTHERS,451.94,2.827,0.008,0.2981,0.29809999465942383,0.2981,0.29647749400409673,0.29875344283058153,True,0.0006534428305815521,0.002192025597388635,30.45839197950269,-0.29338204004292534
TB_13+07_Mid_RR,radial,OTHERS,451.94,2.827,0.008,0.2972,0.2971999943256378,0.2972,0.29647749400409673,0.29875344283058153,True,0.0015534428305815084,0.005226927424567659,30.45839197950269,-0.29338204004292534
TB_07+07_MidTop_AA,radial,OTHERS,486.14,2.487,0.008,0.3198,0.3197999894618988,0.3198,0.31609435694757776,0.3189563353907033,True,0.0008436646092966904,0.002638100717000283,30.45839197950269,-0.29338204004292534
TB_07+07_MidTop_AR,radial,OTHERS,486.14,2.487,0.008,0.3203,0.32030001282691956,0.3203,0.31609435694757776,0.3189563353907033,True,0.0013436646092966908,0.004195019073670593,30.45839197950269,-0.29338204004292534
TB_07+07_MidTop_RA,radial,OTHERS,486.14,2.487,0.008,0.3213,0.3212999999523163,0.3213,0.31609435694757776,0.3189563353907033,True,0.0023436646092966917,0.007294318734194497,30.45839197950269,-0.29338204004292534
TB_07+07_MidTop_RR,radial,OTHERS,486.14,2.487,0.008,0.3216,0.3215999901294708,0.3216,0.31609435694757776,0.3189563353907033,True,0.002643664609296714,0.008220350153285804,30.45839197950269,-0.29338204004292534
TB_07+13_MidTop_AA,radial,OTHERS,486.14,3.087,0.008,0.287,0.28700000047683716,0.287,0.28371762818661755,0.2856621549952185,True,0.0013378450047814572,0.004661480852897064,30.45839197950269,-0.29338204004292534
TB_07+13_MidTop_AR,radial,OTHERS,486.14,3.087,0.008,0.2869,0.28690001368522644,0.2869,0.28371762818661755,0.2856621549952185,True,0.0012378450047814682,0.004314552125414668,30.45839197950269,-0.29338204004292534
TB_07+13_MidTop_RA,radial,OTHERS,486.14,3.087,0.008,0.2876,0.28760001063346863,0.2876,0.28371762818661755,0.2856621549952185,True,0.0019378450047815021,0.006737986803829979,30.45839197950269,-0.29338204004292534
TB_07+13_MidTop_RR,radial,OTHERS,486.14,3.087,0.008,0.287,0.28700000047683716,0.287,0.28371762818661755,0.2856621549952185,True,0.0013378450047814572,0.004661480852897064,30.45839197950269,-0.29338204004292534
TB_13+07_MidTop_AA,radial,OTHERS,486.14,3.087,0.008,0.2879,0.28790000081062317,0.2879,0.28371762818661755,0.2856621549952185,True,0.002237845004781469,0.0077729941117800246,30.45839197950269,-0.29338204004292534
TB_13+07_MidTop_AR,radial,OTHERS,486.14,3.087,0.008,0.2868,0.28679999709129333,0.2868,0.28371762818661755,0.2856621549952185,True,0.0011378450047814792,0.003967381467159969,30.45839197950269,-0.29338204004292534
TB_13+07_MidTop_RA,radial,OTHERS,486.14,3.087,0.008,0.2873,0.2872999906539917,0.2873,0.28371762818661755,0.2856621549952185,True,0.0016378450047814797,0.005700817976963034,30.45839197950269,-0.29338204004292534
TB_13+07_MidTop_RR,radial,OTHERS,486.14,3.087,0.008,0.2874,0.2874000072479248,0.2874,0.28371762818661755,0.2856621549952185,True,0.0017378450047814686,0.006046781505850622,30.45839197950269,-0.29338204004292534
CSBD_07_A,radial,OTHERS,435.693,1.065,0.0125,0.5457,0.5457000136375427,0.5457,0.48303636939912187,0.5059286882273544,True,0.03977131177264559,0.07288127500942934,30.45839197950269,-0.29338204004292534
CSBD_07_R,radial,OTHERS,435.693,1.065,0.0125,0.5291,0.5291000008583069,0.5291,0.48303636939912187,0.5059286882273544,True,0.023171311772645642,0.043793823044123305,30.45839197950269,-0.29338204004292534
CSBD_13_A,radial,OTHERS,435.793,1.665,0.0125,0.4221,0.4221000075340271,0.4221,0.38632028822570896,0.39669641736124395,True,0.025403582638756028,0.06018380156066342,30.45839197950269,-0.29338204004292534
CSBD_13_R,radial,OTHERS,435.793,1.665,0.0125,0.415,0.41499999165534973,0.415,0.38632028822570896,0.39669641736124395,True,0.018303582638756033,0.04410501840664104,30.45839197950269,-0.29338204004292534
CSB_07_A,radial,OTHERS,491.0,1.445,0.018,0.411,0.41100001335144043,0.411,0.4146872777494149,0.435874457218339,True,0.02487445721833903,0.06052179371858645,30.45839197950269,-0.29338204004292534
CSB_07_R,radial,OTHERS,491.0,1.445,0.018,0.4139,0.4138999879360199,0.4139,0.4146872777494149,0.435874457218339,True,0.021974457218339016,0.05309122304503266,30.45839197950269,-0.29338204004292534
CSB_13_A,radial,OTHERS,491.0,2.045,0.018,0.3485,0.34850001335144043,0.3485,0.3485844254326307,0.36005157198833027,True,0.01155157198833029,0.033146548029642155,30.45839197950269,-0.29338204004292534
CSB_13_R,radial,OTHERS,491.0,2.045,0.018,0.3504,0.35040000081062317,0.3504,0.3485844254326307,0.36005157198833027,True,0.009651571988330276,0.027544440605965403,30.45839197950269,-0.29338204004292534
CA_07_A,axial,CA,488.2,0.739,0.008,0.6913,0.6912999749183655,0.6913,0.5798723704505615,0.7038635940744765,True,0.012563594074476492,0.018173866735825966,272.8202146046651,-0.4045272173644761
CA_07_R,axial,CA,488.2,0.739,0.008,0.6912,0.6912000179290771,0.6912,0.5798723704505615,0.7038635940744765,True,0.01266359407447648,0.01832117198274954,272.8202146046651,-0.4045272173644761
CA_13_A,axial,CA,488.2,1.339,0.008,0.4831,0.4830999970436096,0.4831,0.43078874365525127,0.47296993136446475,True,0.010130068635535228,0.020968885604502645,272.8202146046651,-0.4045272173644761
CA_13_R,axial,CA,488.2,1.339,0.008,0.473,0.4729999899864197,0.473,0.43078874365525127,0.47296993136446475,True,3.006863553522976e-05,6.35700539856866e-05,272.8202146046651,-0.4045272173644761
CA_07_Top_A,axial,CA,556.6,0.999,0.008,0.5791,0.5791000127792358,0.5791,0.49873734753340665,0.5708244460682429,True,0.008275553931757051,0.014290371147914094,272.8202146046651,-0.4045272173644761
CA_07_Top_R,axial,CA,556.6,0.999,0.008,0.5633,0.5633000135421753,0.5633,0.49873734753340665,0.5708244460682429,True,0.007524446068242874,0.013357795256955216,272.8202146046651,-0.4045272173644761
CA_13_Top_A,axial,CA,556.6,1.599,0.008,0.4346,0.43459999561309814,0.4346,0.3942125112065391,0.42459866219971015,True,0.010001337800289833,0.023012742292429438,272.8202146046651,-0.4045272173644761
CA_13_Top_R,axial,CA,556.6,1.599,0.008,0.4371,0.43709999322891235,0.4371,0.3942125112065391,0.42459866219971015,True,0.012501337800289836,0.028600635553168236,272.8202146046651,-0.4045272173644761
CA_07+13_Mid_AA,axial,CA,556.6,2.338,0.008,0.3421,0.34209999442100525,0.3421,0.32601109607798334,0.3409736616371026,True,0.0011263383628974388,0.0032924243288437265,272.8202146046651,-0.4045272173644761
CA_07+13_Mid_AR,axial,CA,556.6,2.338,0.008,0.3425,0.3425000011920929,0.3425,0.32601109607798334,0.3409736616371026,True,0.0015263383628974503,0.004456462373423212,272.8202146046651,-0.4045272173644761
CA_07+13_Mid_RA,axial,CA,556.6,2.338,0.008,0.3378,0.337799996137619,0.3378,0.32601109607798334,0.3409736616371026,True,0.003173661637102587,0.00939509069598161,272.8202146046651,-0.4045272173644761
CA_07+13_Mid_RR,axial,CA,556.6,2.338,0.008,0.3412,0.34119999408721924,0.3412,0.32601109607798334,0.3409736616371026,True,0.00022633836289742693,0.000663359797471943,272.8202146046651,-0.4045272173644761
CA_13+07_Mid_AA,axial,CA,556.6,2.338,0.008,0.3394,0.3393999934196472,0.3394,0.32601109607798334,0.3409736616371026,True,0.0015736616371025969,0.004636598812912778,272.8202146046651,-0.4045272173644761
CA_13+07_Mid_AR,axial,CA,556.6,2.338,0.008,0.3365,0.33649998903274536,0.3365,0.32601109607798334,0.3409736616371026,True,0.004473661637102555,0.013294685400007592,272.8202146046651,-0.4045272173644761
CA_13+07_Mid_RA,axial,CA,556.6,2.338,0.008,0.3373,0.33730000257492065,0.3373,0.32601109607798334,0.3409736616371026,True,0.0036736616371025876,0.010891377518833643,272.8202146046651,-0.4045272173644761
CA_13+07_Mid_RR,axial,CA,556.6,2.338,0.008,0.3374,0.33739998936653137,0.3374,0.32601109607798334,0.3409736616371026,True,0.0035736616371025987,0.01059176537374807,272.8202146046651,-0.4045272173644761
TB_07_A,axial,OTHERS,417.74,0.778,0.008,0.6099,nan,0.6099,0.5651514378149545,0.6119998592476175,True,0.002099859247617464,0.003442956628328355,4.11240407930609,0.30735680658145115
TB_07_R,axial,OTHERS,417.74,0.778,0.008,0.6095,0.609499990940094,0.6095,0.5651514378149545,0.6119998592476175,True,0.0024998592476174197,0.004101491792645479,4.11240407930609,0.30735680658145115
TB_13_A,axial,OTHERS,417.74,1.378,0.008,0.4457,0.4456999897956848,0.4457,0.42464892259623516,0.4486447134812897,True,0.002944713481289718,0.006606940725352744,4.11240407930609,0.30735680658145115
TB_13_R,axial,OTHERS,417.74,1.378,0.008,0.4496,0.4496000111103058,0.4496,0.42464892259623516,0.4486447134812897,True,0.0009552865187102966,0.0021247475949962113,4.11240407930609,0.30735680658145115
TB_07_Top_A,axial,OTHERS,451.94,1.038,0.008,0.5628,0.5627999901771545,0.5628,0.4892783042802312,0.5227282143210459,True,0.040071785678954086,0.07120075635919347,4.11240407930609,0.30735680658145115
TB_07_Top_R,axial,OTHERS,451.94,1.038,0.008,0.5294,0.5293999910354614,0.5294,0.4892783042802312,0.5227282143210459,True,0.006671785678954101,0.012602541894510958,4.11240407930609,0.30735680658145115
TB_13_Top_A,axial,OTHERS,451.94,1.638,0.008,0.4026,0.4025999903678894,0.4026,0.3894912329737223,0.4090763410686347,True,0.006476341068634706,0.016086291775048944,4.11240407930609,0.30735680658145115
TB_13_Top_R,axial,OTHERS,451.94,1.638,0.008,0.4072,0.40720000863075256,0.4072,0.3894912329737223,0.4090763410686347,True,0.0018763410686347126,0.004607910286431023,4.11240407930609,0.30735680658145115
TB_07+07_Mid_AA,axial,OTHERS,451.94,1.837,0.008,0.3815,0.3815000057220459,0.3815,0.367790118845413,0.3849034222128769,True,0.003403422212876872,0.008921159142534395,4.11240407930609,0.30735680658145115
TB_07+07_Mid_AR,axial,OTHERS,451.94,1.837,0.008,0.3833,0.3833000063896179,0.3833,0.367790118845413,0.3849034222128769,True,0.0016034222128769038,0.004183204312227769,4.11240407930609,0.30735680658145115
TB_07+07_Mid_RA,axial,OTHERS,451.94,1.837,0.008,0.3872,0.3871999979019165,0.3872,0.367790118845413,0.3849034222128769,True,0.0022965777871231108,0.005931244284925389,4.11240407930609,0.30735680658145115
TB_07+07_Mid_RR,axial,OTHERS,451.94,1.837,0.008,0.3868,0.38679999113082886,0.3868,0.367790118845413,0.3849034222128769,True,0.0018965777871230993,0.004903251776429937,4.11240407930609,0.30735680658145115
TB_07+13_Mid_AA,axial,OTHERS,451.94,2.437,0.008,0.3268,0.32679998874664307,0.3268,0.3193205515498723,0.3315855606894578,True,0.004785560689457846,0.014643698560152529,4.11240407930609,0.30735680658145115
TB_07+13_Mid_AR,axial,OTHERS,451.94,2.437,0.008,0.328,0.328000009059906,0.328,0.3193205515498723,0.3315855606894578,True,0.003585560689457812,0.010931587467859182,4.11240407930609,0.30735680658145115
TB_07+13_Mid_RA,axial,OTHERS,451.94,2.437,0.008,0.3192,0.3192000091075897,0.3192,0.3193205515498723,0.3315855606894578,True,0.012385560689457842,0.03880188185920377,4.11240407930609,0.30735680658145115
TB_07+13_Mid_RR,axial,OTHERS,451.94,2.437,0.008,0.3303,0.3303000032901764,0.3303,0.3193205515498723,0.3315855606894578,True,0.001285560689457843,0.0038921001800116353,4.11240407930609,0.30735680658145115
TB_13+07_Mid_AA,axial,OTHERS,451.94,2.437,0.008,0.3263,0.3262999951839447,0.3263,0.3193205515498723,0.3315855606894578,True,0.005285560689457847,0.01619846978074731,4.11240407930609,0.30735680658145115
TB_13+07_Mid_AR,axial,OTHERS,451.94,2.437,0.008,0.3272,0.3271999955177307,0.3272,0.3193205515498723,0.3315855606894578,True,0.004385560689457835,0.013403302840641304,4.11240407930609,0.30735680658145115
TB_13+07_Mid_RA,axial,OTHERS,451.94,2.437,0.008,0.3356,0.33559998869895935,0.3356,0.3193205515498723,0.3315855606894578,True,0.004014439310542184,0.011961976491484456,4.11240407930609,0.30735680658145115
TB_13+07_Mid_RR,axial,OTHERS,451.94,2.437,0.008,0.3305,0.3305000066757202,0.3305,0.3193205515498723,0.3315855606894578,True,0.0010855606894578096,0.0032846011783897416,4.11240407930609,0.30735680658145115
TB_07+07_MidTop_AA,axial,OTHERS,486.14,2.097,0.008,0.3652,0.365200012922287,0.3652,0.3442353131599651,0.35887790469295305,True,0.006322095307046971,0.017311323403743074,4.11240407930609,0.30735680658145115
TB_07+07_MidTop_AR,axial,OTHERS,486.14,2.097,0.008,0.3594,0.3594000041484833,0.3594,0.3442353131599651,0.35887790469295305,True,0.0005220953070469436,0.00145268588493863,4.11240407930609,0.30735680658145115
TB_07+07_MidTop_RA,axial,OTHERS,486.14,2.097,0.008,0.3711,0.3711000084877014,0.3711,0.3442353131599651,0.35887790469295305,True,0.012222095307046932,0.03293477582066002,4.11240407930609,0.30735680658145115
TB_07+07_MidTop_RR,axial,OTHERS,486.14,2.097,0.008,0.3625,0.36250001192092896,0.3625,0.3442353131599651,0.35887790469295305,True,0.0036220953070469353,0.00999198705392258,4.11240407930609,0.30735680658145115
TB_07+13_MidTop_AA,axial,OTHERS,486.14,2.697,0.008,0.3159,0.3158999979496002,0.3159,0.3035387645190514,0.31442071891574597,True,0.0014792810842540471,0.004682751137239782,4.11240407930609,0.30735680658145115
TB_07+13_MidTop_AR,axial,OTHERS,486.14,2.697,0.008,0.3105,0.31049999594688416,0.3105,0.3035387645190514,0.31442071891574597,True,0.003920718915745969,0.012627114060373491,4.11240407930609,0.30735680658145115
TB_07+13_MidTop_RA,axial,OTHERS,486.14,2.697,0.008,0.3173,0.3172999918460846,0.3173,0.3035387645190514,0.31442071891574597,True,0.0028792810842540595,0.009074317945962997,4.11240407930609,0.30735680658145115
TB_07+13_MidTop_RR,axial,OTHERS,486.14,2.697,0.008,0.3189,0.3188999891281128,0.3189,0.3035387645190514,0.31442071891574597,True,0.00447928108425405,0.014046036639241297,4.11240407930609,0.30735680658145115
TB_13+07_MidTop_AA,axial,OTHERS,486.14,2.697,0.008,0.3168,0.31679999828338623,0.3168,0.3035387645190514,0.31442071891574597,True,0.002379281084254059,0.007510356957872661,4.11240407930609,0.30735680658145115
TB_13+07_MidTop_AR,axial,OTHERS,486.14,2.697,0.008,0.3147,0.31470000743865967,0.3147,0.3035387645190514,0.31442071891574597,True,0.00027928108425401277,0.0008874518088783374,4.11240407930609,0.30735680658145115
TB_13+07_MidTop_RA,axial,OTHERS,486.14,2.697,0.008,0.3168,0.31679999828338623,0.3168,0.3035387645190514,0.31442071891574597,True,0.002379281084254059,0.007510356957872661,4.11240407930609,0.30735680658145115
TB_13+07_MidTop_RR,axial,OTHERS,486.14,2.697,0.008,0.3133,0.3133000135421753,0.3133,0.3035387645190514,0.31442071891574597,True,0.001120718915745944,0.0035771430441938843,4.11240407930609,0.30735680658145115
CSBD_07_A,axial,OTHERS,435.693,0.7,0.0125,0.69619,0.6961899995803833,0.69619,0.595807019191897,0.666947615787993,True,0.029242384212006978,0.04200345338486186,4.11240407930609,0.30735680658145115
CSBD_07_R,axial,OTHERS,435.693,0.7,0.0125,0.7128,0.7128000259399414,0.7128,0.595807019191897,0.666947615787993,True,0.04585238421200699,0.06432713834456649,4.11240407930609,0.30735680658145115
CSBD_13_A,axial,OTHERS,435.793,1.3,0.0125,0.4763,0.4763000011444092,0.4763,0.4372028246819454,0.4718592485943518,True,0.004440751405648202,0.009323433562141933,4.11240407930609,0.30735680658145115
CSBD_13_R,axial,OTHERS,435.793,1.3,0.0125,0.4774,0.477400004863739,0.4774,0.4372028246819454,0.4718592485943518,True,0.005540751405648192,0.011606098461768312,4.11240407930609,0.30735680658145115
CSB_07_A,axial,OTHERS,491.0,0.81,0.018,0.5873,0.5873000025749207,0.5873,0.5538754627625344,0.6301653488090965,True,0.042865348809096426,0.07298714253208995,4.11240407930609,0.30735680658145115
CSB_07_R,axial,OTHERS,491.0,0.81,0.018,0.5786,0.5785999894142151,0.5786,0.5538754627625344,0.6301653488090965,True,0.05156534880909647,0.08912089320618125,4.11240407930609,0.30735680658145115
CSB_13_A,axial,OTHERS,491.0,1.41,0.018,0.4291,0.42910000681877136,0.4291,0.419802556497368,0.45997991744372213,True,0.03087991744372215,0.07196438462764426,4.11240407930609,0.30735680658145115
CSB_13_R,axial,OTHERS,491.0,1.41,0.018,0.4405,0.4404999911785126,0.4405,0.419802556497368,0.45997991744372213,True,0.019479917443722128,0.044222287045907215,4.11240407930609,0.30735680658145115
CA_07_A,planar_rotation,CA,488.2,0.739,0.008,0.7888,0.7888000011444092,0.7888,0.5798723704505615,0.8018807220166867,True,0.013080722016686752,0.016583065436976106,26080.005189614316,-1.2128518542122262
CA_07_R,planar_rotation,CA,488.2,0.739,0.008,0.801,0.8009999990463257,0.801,0.5798723704505615,0.8018807220166867,True,0.0008807220166866525,0.0010995281107199157,26080.005189614316,-1.2128518542122262
CA_13_A,planar_rotation,CA,488.2,1.339,0.008,0.5939,0.5939000248908997,0.5939,0.43078874365525127,0.5785860170011822,True,0.01531398299881781,0.025785457145677405,26080.005189614316,-1.2128518542122262
CA_13_R,planar_rotation,CA,488.2,1.339,0.008,0.549,0.5490000247955322,0.549,0.43078874365525127,0.5785860170011822,True,0.02958601700118213,0.05389074135005852,26080.005189614316,-1.2128518542122262
CA_07_Top_A,planar_rotation,CA,556.6,0.999,0.008,0.7112,0.7111999988555908,0.7112,0.49873734753340665,0.6763518022535338,True,0.0348481977464663,0.04899915318681988,26080.005189614316,-1.2128518542122262
CA_07_Top_R,planar_rotation,CA,556.6,0.999,0.008,0.6606,0.6606000065803528,0.6606,0.49873734753340665,0.6763518022535338,True,0.015751802253533786,0.023844690059845273,26080.005189614316,-1.2128518542122262
CA_13_Top_A,planar_rotation,CA,556.6,1.599,0.008,0.5654,0.5654000043869019,0.5654,0.3942125112065391,0.5228545832788842,True,0.04254541672111578,0.07524834934756948,26080.005189614316,-1.2128518542122262
CA_13_Top_R,planar_rotation,CA,556.6,1.599,0.008,0.5612,0.5612000226974487,0.5612,0.3942125112065391,0.5228545832788842,True,0.0383454167211158,0.06832754226855986,26080.005189614316,-1.2128518542122262
CA_07+13_Mid_AA,planar_rotation,CA,556.6,2.338,0.008,0.4118,0.41179999709129333,0.4118,0.32601109607798334,0.42508774093016044,True,0.013287740930160441,0.03226746219077329,26080.005189614316,-1.2128518542122262
CA_07+13_Mid_AR,planar_rotation,CA,556.6,2.338,0.008,0.4035,0.4034999907016754,0.4035,0.32601109607798334,0.42508774093016044,True,0.021587740930160415,0.053501216679455794,26080.005189614316,-1.2128518542122262
CA_07+13_Mid_RA,planar_rotation,CA,556.6,2.338,0.008,0.4039,0.40389999747276306,0.4039,0.32601109607798334,0.42508774093016044,True,0.02118774093016046,0.05245788791819871,26080.005189614316,-1.2128518542122262
CA_07+13_Mid_RR,planar_rotation,CA,556.6,2.338,0.008,0.3994,0.399399995803833,0.3994,0.32601109607798334,0.42508774093016044,True,0.025687740930160463,0.06431582606449791,26080.005189614316,-1.2128518542122262
CA_13+07_Mid_AA,planar_rotation,CA,556.6,2.338,0.008,0.4109,0.4108999967575073,0.4109,0.32601109607798334,0.42508774093016044,True,0.014187740930160453,0.03452845200817828,26080.005189614316,-1.2128518542122262
CA_13+07_Mid_AR,planar_rotation,CA,556.6,2.338,0.008,0.412,0.41200000047683716,0.412,0.32601109607798334,0.42508774093016044,True,0.013087740930160463,0.031766361480972,26080.005189614316,-1.2128518542122262
CA_13+07_Mid_RA,planar_rotation,CA,556.6,2.338,0.008,0.4178,0.41780000925064087,0.4178,0.32601109607798334,0.42508774093016044,True,0.007287740930160436,0.017443132910867486,26080.005189614316,-1.2128518542122262
CA_13+07_Mid_RR,planar_rotation,CA,556.6,2.338,0.008,0.4235,0.4235000014305115,0.4235,0.32601109607798334,0.42508774093016044,True,0.0015877409301604528,0.003749093105455615,26080.005189614316,-1.2128518542122262
TB_07_A,planar_rotation,OTHERS,417.74,0.778,0.008,0.6965,nan,0.6965,0.5651514378149545,0.6579893506515796,True,0.03851064934842041,0.05529167171345357,2080.4915548091826,-0.8699040840291452
TB_07_R,planar_rotation,OTHERS,417.74,0.778,0.008,0.6962,0.6962000131607056,0.6962,0.5651514378149545,0.6579893506515796,True,0.038210649348420445,0.05488458682622873,2080.4915548091826,-0.8699040840291452
TB_13_A,planar_rotation,OTHERS,417.74,1.378,0.008,0.4848,0.4848000109195709,0.4848,0.42464892259623516,0.4993870451391206,True,0.014587045139120569,0.03008878947838401,2080.4915548091826,-0.8699040840291452
TB_13_R,planar_rotation,OTHERS,417.74,1.378,0.008,0.485,0.48500001430511475,0.485,0.42464892259623516,0.4993870451391206,True,0.014387045139120591,0.029664010596124932,2080.4915548091826,-0.8699040840291452
TB_07_Top_A,planar_rotation,OTHERS,451.94,1.038,0.008,0.599,0.5989999771118164,0.599,0.4892783042802312,0.5713925612686154,True,0.027607438731384604,0.046089213241042745,2080.4915548091826,-0.8699040840291452
TB_07_Top_R,planar_rotation,OTHERS,451.94,1.038,0.008,0.5712,0.5712000131607056,0.5712,0.4892783042802312,0.5713925612686154,True,0.00019256126861533218,0.00033711706690359275,2080.4915548091826,-0.8699040840291452
TB_13_Top_A,planar_rotation,OTHERS,451.94,1.638,0.008,0.4517,0.45170000195503235,0.4517,0.3894912329737223,0.45855309197370314,True,0.0068530919737031515,0.015171777670363408,2080.4915548091826,-0.8699040840291452
TB_13_Top_R,planar_rotation,OTHERS,451.94,1.638,0.008,0.454,0.45399999618530273,0.454,0.3894912329737223,0.45855309197370314,True,0.004553091973703127,0.010028836946482659,2080.4915548091826,-0.8699040840291452
TB_07+07_Mid_AA,planar_rotation,OTHERS,451.94,1.837,0.008,0.43,0.4300000071525574,0.43,0.367790118845413,0.433909395975074,True,0.003909395975074004,0.00909161854668373,2080.4915548091826,-0.8699040840291452
TB_07+07_Mid_AR,planar_rotation,OTHERS,451.94,1.837,0.008,0.4297,0.42969998717308044,0.4297,0.367790118845413,0.433909395975074,True,0.004209395975073971,0.009796127472827485,2080.4915548091826,-0.8699040840291452
TB_07+07_Mid_RA,planar_rotation,OTHERS,451.94,1.837,0.008,0.432,0.4320000112056732,0.432,0.367790118845413,0.433909395975074,True,0.001909395975074002,0.004419898090449079,2080.4915548091826,-0.8699040840291452
TB_07+07_Mid_RR,planar_rotation,OTHERS,451.94,1.837,0.008,0.4266,0.42660000920295715,0.4266,0.367790118845413,0.433909395975074,True,0.007309395975074018,0.017134074015644676,2080.4915548091826,-0.8699040840291452
TB_07+13_Mid_AA,planar_rotation,OTHERS,451.94,2.437,0.008,0.3621,0.3621000051498413,0.3621,0.3193205515498723,0.37870728080766747,True,0.01660728080766749,0.04586379676240677,2080.4915548091826,-0.8699040840291452
TB_07+13_Mid_AR,planar_rotation,OTHERS,451.94,2.437,0.008,0.3621,0.3621000051498413,0.3621,0.3193205515498723,0.37870728080766747,True,0.01660728080766749,0.04586379676240677,2080.4915548091826,-0.8699040840291452
TB_07+13_Mid_RA,planar_rotation,OTHERS,451.94,2.437,0.008,0.374,0.37400001287460327,0.374,0.3193205515498723,0.37870728080766747,True,0.004707280807667469,0.012586312319966495,2080.4915548091826,-0.8699040840291452
TB_07+13_Mid_RR,planar_rotation,OTHERS,451.94,2.437,0.008,0.3593,0.35929998755455017,0.3593,0.3193205515498723,0.37870728080766747,True,0.01940728080766746,0.054014140850730474,2080.4915548091826,-0.8699040840291452
TB_13+07_Mid_AA,planar_rotation,OTHERS,451.94,2.437,0.008,0.3607,0.36070001125335693,0.3607,0.3193205515498723,0.37870728080766747,True,0.018007280807667447,0.049923151670827406,2080.4915548091826,-0.8699040840291452
TB_13+07_Mid_AR,planar_rotation,OTHERS,451.94,2.437,0.008,0.3736,0.3736000061035156,0.3736,0.3193205515498723,0.37870728080766747,True,0.00510728080766748,0.013670451840651715,2080.4915548091826,-0.8699040840291452
TB_13+07_Mid_RA,planar_rotation,OTHERS,451.94,2.437,0.008,0.3673,0.36730000376701355,0.3673,0.3193205515498723,0.37870728080766747,True,0.011407280807667453,0.031057121719758923,2080.4915548091826,-0.8699040840291452
TB_13+07_Mid_RR,planar_rotation,OTHERS,451.94,2.437,0.008,0.3714,0.37139999866485596,0.3714,0.3193205515498723,0.37870728080766747,True,0.00730728080766746,0.019674961786934463,2080.4915548091826,-0.8699040840291452
TB_07+07_MidTop_AA,planar_rotation,OTHERS,486.14,2.097,0.008,0.4024,0.4023999869823456,0.4024,0.3442353131599651,0.40640476757013216,True,0.004004767570132184,0.00995220569118336,2080.4915548091826,-0.8699040840291452
TB_07+07_MidTop_AR,planar_rotation,OTHERS,486.14,2.097,0.008,0.4087,0.40869998931884766,0.4087,0.3442353131599651,0.40640476757013216,True,0.002295232429867844,0.005615934499309625,2080.4915548091826,-0.8699040840291452
TB_07+07_MidTop_RA,planar_rotation,OTHERS,486.14,2.097,0.008,0.4099,0.4099000096321106,0.4099,0.3442353131599651,0.40640476757013216,True,0.003495232429867823,0.008527036911119354,2080.4915548091826,-0.8699040840291452
TB_07+07_MidTop_RR,planar_rotation,OTHERS,486.14,2.097,0.008,0.4176,0.41760000586509705,0.4176,0.3442353131599651,0.40640476757013216,True,0.011195232429867863,0.026808506776503503,2080.4915548091826,-0.8699040840291452
TB_07+13_MidTop_AA,planar_rotation,OTHERS,486.14,2.697,0.008,0.3554,0.3553999960422516,0.3554,0.3035387645190514,0.36003916978865763,True,0.004639169788657638,0.013053375882548221,2080.4915548091826,-0.8699040840291452
TB_07+13_MidTop_AR,planar_rotation,OTHERS,486.14,2.697,0.008,0.3559,0.35589998960494995,0.3559,0.3035387645190514,0.36003916978865763,True,0.004139169788657637,0.011630148324410332,2080.4915548091826,-0.8699040840291452
TB_07+13_MidTop_RA,planar_rotation,OTHERS,486.14,2.697,0.008,0.3565,0.3564999997615814,0.3565,0.3035387645190514,0.36003916978865763,True,0.003539169788657648,0.009927544989222013,2080.4915548091826,-0.8699040840291452
TB_07+13_MidTop_RR,planar_rotation,OTHERS,486.14,2.697,0.008,0.3565,0.3564999997615814,0.3565,0.3035387645190514,0.36003916978865763,True,0.003539169788657648,0.009927544989222013,2080.4915548091826,-0.8699040840291452
TB_13+07_MidTop_AA,planar_rotation,OTHERS,486.14,2.697,0.008,0.3558,0.35580000281333923,0.3558,0.3035387645190514,0.36003916978865763,True,0.004239169788657626,0.011914473829841558,2080.4915548091826,-0.8699040840291452
TB_13+07_MidTop_AR,planar_rotation,OTHERS,486.14,2.697,0.008,0.3534,0.35339999198913574,0.3534,0.3035387645190514,0.36003916978865763,True,0.0066391697886576395,0.018786558541759025,2080.4915548091826,-0.8699040840291452
TB_13+07_MidTop_RA,planar_rotation,OTHERS,486.14,2.697,0.008,0.3535,0.35350000858306885,0.3535,0.3035387645190514,0.36003916978865763,True,0.0065391697886576505,0.018498358666641162,2080.4915548091826,-0.8699040840291452
TB_13+07_MidTop_RR,planar_rotation,OTHERS,486.14,2.697,0.008,0.3526,0.35260000824928284,0.3526,0.3035387645190514,0.36003916978865763,True,0.007439169788657607,0.02109804250895521,2080.4915548091826,-0.8699040840291452
CSBD_07_A,planar_rotation,OTHERS,435.693,0.7,0.0125,0.8522,0.8521999716758728,0.8522,0.595807019191897,0.7996904780857407,True,0.05250952191425928,0.06161643031478442,2080.4915548091826,-0.8699040840291452
CSBD_07_R,planar_rotation,OTHERS,435.693,0.7,0.0125,0.8596,0.8596000075340271,0.8596,0.595807019191897,0.7996904780857407,True,0.059909521914259356,0.06969465090072051,2080.4915548091826,-0.8699040840291452
CSBD_13_A,planar_rotation,OTHERS,435.793,1.3,0.0125,0.5595,0.559499979019165,0.5595,0.4372028246819454,0.597654005448484,True,0.03815400544848402,0.06819303922874713,2080.4915548091826,-0.8699040840291452
CSBD_13_R,planar_rotation,OTHERS,435.793,1.3,0.0125,0.5605,0.5605000257492065,0.5605,0.4372028246819454,0.597654005448484,True,0.03715400544848402,0.06628725325331672,2080.4915548091826,-0.8699040840291452
CSB_07_A,planar_rotation,OTHERS,491.0,0.81,0.018,0.81829,0.8182899951934814,0.81829,0.5538754627625344,0.8901282591306457,True,0.07183825913064579,0.08779070883262143,2080.4915548091826,-0.8699040840291452
CSB_07_R,planar_rotation,OTHERS,491.0,0.81,0.018,0.82229,0.8222900032997131,0.82229,0.5538754627625344,0.8901282591306457,True,0.06783825913064578,0.0824991902256452,2080.4915548091826,-0.8699040840291452
CSB_13_A,planar_rotation,OTHERS,491.0,1.41,0.018,0.69267,0.6926699876785278,0.69267,0.419802556497368,0.6899458127725405,True,0.0027241872274594847,0.003932878899706187,2080.4915548091826,-0.8699040840291452
CSB_13_R,planar_rotation,OTHERS,491.0,1.41,0.018,0.69567,0.6956700086593628,0.69567,0.419802556497368,0.6899458127725405,True,0.005724187227459487,0.008228308289073106,2080.4915548091826,-0.8699040840291452
