mode,exp_id,support_type,l_m,r_m,pi_l,pi_k_exp,pi_k_pred_TB,pi_k_pred_ALL,f_exp,f_pred_TB,f_pred_ALL,rel_error_TB,rel_error_ALL
radial,CA_07_A,CA,0.739,0.008,92.375,38.912304836697075,0.06206101994212316,8.073253633035149,0.6913,0.5800671278434703,0.604681087881382,-0.998405105526322,-0.7925269740017687
radial,CA_07_R,CA,0.739,0.008,92.375,38.87432485430034,0.06206101994212316,8.073253633035149,0.6912,0.5800671278434703,0.604681087881382,-0.99840354732398,-0.7923242740988189
radial,CA_13_A,CA,1.339,0.008,167.375,43.11718259527875,0.4785030752647393,6.781348905599454,0.4831,0.4314040883051299,0.4394289927407364,-0.9889022647941488,-0.84272281959485
radial,CA_13_R,CA,1.339,0.008,167.375,34.40781565799676,0.4785030752647393,6.781348905599454,0.473,0.4314040883051299,0.4394289927407364,-0.9860931865009708,-0.8029125425163862
radial,CA_07_Top_A,CA,0.999,0.008,124.875,43.484973478823235,0.17487166780435212,7.389902559852068,0.5791,0.4990864346994141,0.51328248961013,-0.9959785725087422,-0.8300584783971208
radial,CA_07_Top_R,CA,0.999,0.008,124.875,34.423329397419735,0.17487166780435212,7.389902559852068,0.5633,0.4990864346994141,0.51328248961013,-0.9949199664627019,-0.7853228409566335
radial,CA_13_Top_A,CA,1.599,0.008,199.875,43.052742202005504,0.8804867984188401,6.43732974436594,0.4346,0.39507984702296206,0.40051036208659074,-0.9795486476961779,-0.8504780551686654
radial,CA_13_Top_R,CA,1.599,0.008,199.875,45.85562362077376,0.8804867984188401,6.43732974436594,0.4371,0.39507984702296206,0.40051036208659074,-0.9807987171715191,-0.8596174419608228
radial,CA_07+13_Mid_AA,CA,2.338,0.008,292.25,29.557309476543328,3.248774713641116,5.758360897109242,0.3421,0.3278181267026782,0.32920721623008203,-0.8900855737150453,-0.8051798015756788
radial,CA_07+13_Mid_AR,CA,2.338,0.008,292.25,30.31029502667478,3.248774713641116,5.758360897109242,0.3425,0.3278181267026782,0.32920721623008203,-0.8928161302692036,-0.8100196355053108
radial,CA_07+13_Mid_RA,CA,2.338,0.008,292.25,21.51828681806486,3.248774713641116,5.758360897109242,0.3378,0.3278181267026782,0.32920721623008203,-0.8490226131332291,-0.7323968703551702
radial,CA_07+13_Mid_RR,CA,2.338,0.008,292.25,27.86630917065554,3.248774713641116,5.758360897109242,0.3412,0.3278181267026782,0.32920721623008203,-0.8834156797103859,-0.7933576039135799
radial,CA_13+07_Mid_AA,CA,2.338,0.008,292.25,24.49767223757406,3.248774713641116,5.758360897109242,0.3394,0.3278181267026782,0.32920721623008203,-0.8673843505564497,-0.7649425283649123
radial,CA_13+07_Mid_AR,CA,2.338,0.008,292.25,19.107902639750126,3.248774713641116,5.758360897109242,0.3365,0.3278181267026782,0.32920721623008203,-0.8299774300250674,-0.698639824282434
radial,CA_13+07_Mid_RA,CA,2.338,0.008,292.25,20.590116089000894,3.248774713641116,5.758360897109242,0.3373,0.3278181267026782,0.32920721623008203,-0.8422167850050836,-0.7203337333204585
radial,CA_13+07_Mid_RR,CA,2.338,0.008,292.25,20.775640245688614,3.248774713641116,5.758360897109242,0.3374,0.3278181267026782,0.32920721623008203,-0.8436257715660385,-0.7228311219768919
radial,TB_07_A,TB,1.168,0.008,146.0,4.435123401408159,0.2992092260191288,7.058699850600369,0.4682,0.46171903084447347,0.4722650382882898,-0.9325364372219881,0.5915453104099019
radial,TB_07_R,TB,1.168,0.008,146.0,4.113989704086419,0.2992092260191288,7.058699850600369,0.4677,0.46171903084447347,0.4722650382882898,-0.9272703026646069,0.7157796587553379
radial,TB_13_A,TB,1.768,0.008,221.0,-6.783285521405314,1.2435612409626007,6.250350667664497,0.3691,0.3759516211979455,0.38016282757779885,-1.1833272736402474,-1.921434111529127
radial,TB_13_R,TB,1.768,0.008,221.0,-5.271651024583258,1.2435612409626007,6.250350667664497,0.3704,0.3759516211979455,0.38016282757779885,-1.2358959717104772,-2.185653344373001
radial,TB_07_Top_A,TB,1.428,0.008,178.5,7.3062831356385,0.5969317876580995,6.654520340854571,0.4256,0.4178452737943821,0.42485289413641125,-0.9182988427116392,-0.08920579488697451
radial,TB_07_Top_R,TB,1.428,0.008,178.5,4.522707748056149,0.5969317876580995,6.654520340854571,0.4224,0.4178452737943821,0.42485289413641125,-0.8680145123428196,0.4713575830131122
radial,TB_13_Top_A,TB,2.028,0.008,253.5,2.40653726176765,1.9926407696703954,6.003755704033501,0.3517,0.35141546974787424,0.35416325624418066,-0.17198839954517856,1.49476947621564
radial,TB_13_Top_R,TB,2.028,0.008,253.5,2.843299868586162,1.9926407696703954,6.003755704033501,0.352,0.35141546974787424,0.35416325624418066,-0.2991802265790414,1.111545029198374
radial,TB_07+07_Mid_AA,TB,2.227,0.008,278.375,-0.06160438854794687,2.7487011902173744,5.8411232136716,0.334,0.33568206858055477,0.3375233069053238,-45.61859382108877,-95.81667380117631
radial,TB_07+07_Mid_AR,TB,2.227,0.008,278.375,-1.0606346167621146,2.7487011902173744,5.8411232136716,0.3334,0.33568206858055477,0.3375233069053238,-3.5915627745665684,-6.507196466492175
radial,TB_07+07_Mid_RA,TB,2.227,0.008,278.375,4.960490930088964,2.7487011902173744,5.8411232136716,0.337,0.33568206858055477,0.3375233069053238,-0.44588121842043615,0.17752925990469298
radial,TB_07+07_Mid_RR,TB,2.227,0.008,278.375,3.44914710342382,2.7487011902173744,5.8411232136716,0.3361,0.33568206858055477,0.3375233069053238,-0.20307800514253022,0.6934978528092838
radial,TB_07+13_Mid_AA,TB,2.827,0.008,353.375,-2.8013637728736684,6.239654077565681,5.446284796046029,0.2953,0.29908353881794375,0.29875344283058153,-3.2273630215346785,-2.9441547894578406
radial,TB_07+13_Mid_AR,TB,2.827,0.008,353.375,0.7692154989662242,6.239654077565681,5.446284796046029,0.2968,0.29908353881794375,0.29875344283058153,7.111711329206668,6.080310788544281
radial,TB_07+13_Mid_RA,TB,2.827,0.008,353.375,10.621103632944509,6.239654077565681,5.446284796046029,0.3009,0.29908353881794375,0.29875344283058153,-0.4125230020153895,-0.48722044485539534
radial,TB_07+13_Mid_RR,TB,2.827,0.008,353.375,5.798419520464449,6.239654077565681,5.446284796046029,0.2989,0.29908353881794375,0.29875344283058153,0.07609565943684753,-0.060729432076383136
radial,TB_13+07_Mid_AA,TB,2.827,0.008,353.375,6.760383387115204,6.239654077565681,5.446284796046029,0.2993,0.29908353881794375,0.29875344283058153,-0.07702659445942002,-0.19438225849346802
radial,TB_13+07_Mid_AR,TB,2.827,0.008,353.375,-0.4229877134012048,6.239654077565681,5.446284796046029,0.2963,0.29908353881794375,0.29875344283058153,-15.75138373971481,-13.875751761801688
radial,TB_13+07_Mid_RA,TB,2.827,0.008,353.375,3.878351220930766,6.239654077565681,5.446284796046029,0.2981,0.29908353881794375,0.29875344283058153,0.6088419336266883,0.4042783868189676
radial,TB_13+07_Mid_RR,TB,2.827,0.008,353.375,1.7244253565231962,6.239654077565681,5.446284796046029,0.2972,0.29908353881794375,0.29875344283058153,2.618396153804033,2.1583186685603395
radial,TB_07+07_MidTop_AA,TB,2.487,0.008,310.875,7.331635531333919,4.017198649806315,5.654927807705593,0.3198,0.3181301235895554,0.3189563353907033,-0.452073328981286,-0.22869490940492318
radial,TB_07+07_MidTop_AR,TB,2.487,0.008,310.875,8.327430997052566,4.017198649806315,5.654927807705593,0.3203,0.3181301235895554,0.3189563353907033,-0.5175944836735155,-0.3209276894990648
radial,TB_07+07_MidTop_RA,TB,2.487,0.008,310.875,10.323688990507145,4.017198649806315,5.654927807705593,0.3213,0.3181301235895554,0.3189563353907033,-0.6108756614520047,-0.4522376823918833
radial,TB_07+07_MidTop_RR,TB,2.487,0.008,310.875,10.923779824668076,4.017198649806315,5.654927807705593,0.3216,0.3181301235895554,0.3189563353907033,-0.632251957263485,-0.48232865377461775
radial,TB_07+13_MidTop_AA,TB,3.087,0.008,385.875,8.980139083245117,8.442463367031626,5.3074997089726565,0.287,0.28680452894847447,0.2856621549952185,-0.05987387402681437,-0.4089735515483011
radial,TB_07+13_MidTop_AR,TB,3.087,0.008,385.875,8.705026644925079,8.442463367031626,5.3074997089726565,0.2869,0.28680452894847447,0.2856621549952185,-0.03016226010594964,-0.39029483475885024
radial,TB_07+13_MidTop_RA,TB,3.087,0.008,385.875,10.632827081768244,8.442463367031626,5.3074997089726565,0.2876,0.28680452894847447,0.2856621549952185,-0.20600012563849193,-0.500838331315173
radial,TB_07+13_MidTop_RR,TB,3.087,0.008,385.875,8.980139083245117,8.442463367031626,5.3074997089726565,0.287,0.28680452894847447,0.2856621549952185,-0.05987387402681437,-0.4089735515483011
radial,TB_13+07_MidTop_AA,TB,3.087,0.008,385.875,11.460465389416928,8.442463367031626,5.3074997089726565,0.2879,0.28680452894847447,0.2856621549952185,-0.2633402675926451,-0.5368861971457265
radial,TB_13+07_MidTop_AR,TB,3.087,0.008,385.875,8.430010081300335,8.442463367031626,5.3074997089726565,0.2868,0.28680452894847447,0.2856621549952185,0.001477256327239274,-0.37040410891727293
radial,TB_13+07_MidTop_RA,TB,3.087,0.008,385.875,9.806051646377588,8.442463367031626,5.3074997089726565,0.2873,0.28680452894847447,0.2856621549952185,-0.1390557921291062,-0.4587526253817685
radial,TB_13+07_MidTop_RR,TB,3.087,0.008,385.875,10.081547583479072,8.442463367031626,5.3074997089726565,0.2874,0.28680452894847447,0.2856621549952185,-0.1625825998315438,-0.4735431574344586
radial,CSBD_07_A,CSBD,1.065,0.0125,85.19999999999999,23.539627124698537,0.047005566455771336,8.267051916367057,0.5457,0.4831695986675227,0.5059286882273545,-0.9980031303721694,-0.6488027668164293
radial,CSBD_07_R,CSBD,1.065,0.0125,85.19999999999999,17.02460825852883,0.047005566455771336,8.267051916367057,0.5291,0.4831695986675227,0.5059286882273545,-0.9972389634027425,-0.5144057477959584
radial,CSBD_13_A,CSBD,1.665,0.0125,133.2,25.8156600725676,0.2182921387491945,7.251295238345366,0.4221,0.3866367152502263,0.39669641736124395,-0.9915441968891914,-0.7191125379726089
radial,CSBD_13_R,CSBD,1.665,0.0125,133.2,20.51115483377753,0.2182921387491945,7.251295238345366,0.415,0.3866367152502263,0.39669641736124395,-0.9893573940366481,-0.6464706498922226
radial,CSB_07_A,CSB,1.445,0.018,80.27777777777779,-1.4212659911165275,0.03831222899262979,8.412651620815796,0.411,0.414786219818227,0.435874457218339,-1.0269564101527064,-6.919125394822773
radial,CSB_07_R,CSB,1.445,0.018,80.27777777777779,-0.3045230399075652,0.03831222899262979,8.412651620815796,0.4139,0.414786219818227,0.435874457218339,-1.1258106086300042,-28.625665445114986
radial,CSB_13_A,CSB,2.045,0.018,113.61111111111111,-0.055025439923265994,0.12636826432580264,7.597722405416635,0.3485,0.34877823467415997,0.36005157198833027,-3.2965425538083033,-139.07654088748407
radial,CSB_13_R,CSB,2.045,0.018,113.61111111111111,1.1865510786149607,0.12636826432580264,7.597722405416635,0.3504,0.34877823467415997,0.36005157198833027,-0.8934995158629749,5.403198768556442
axial,CA_07_A,CA,0.739,0.008,92.375,38.912304836697075,20.733177719399183,16.52807674033532,0.6913,0.6416559018683311,0.6296152886734908,-0.46718196708188,-0.5752480658830529
axial,CA_07_R,CA,0.739,0.008,92.375,38.87432485430034,20.733177719399183,16.52807674033532,0.6912,0.6416559018683311,0.6296152886734908,-0.4666614070570631,-0.5748330857890911
axial,CA_13_A,CA,1.339,0.008,167.375,43.11718259527875,22.022565020111855,19.84093890663911,0.4831,0.45825398196916917,0.4556070775748692,-0.4892392384069342,-0.5398368420108308
axial,CA_13_R,CA,1.339,0.008,167.375,34.40781565799676,22.022565020111855,19.84093890663911,0.473,0.45825398196916917,0.4556070775748692,-0.35995457430342376,-0.4233595325012195
axial,CA_07_Top_A,CA,0.999,0.008,124.875,43.484973478823235,21.37740434634869,18.132671611619504,0.5791,0.5397412963989515,0.5337204069066575,-0.5083955988438332,-0.5830129315716396
axial,CA_07_Top_R,CA,0.999,0.008,124.875,34.423329397419735,21.37740434634869,18.132671611619504,0.5633,0.5397412963989515,0.5337204069066575,-0.37898498720024815,-0.47324468815097614
axial,CA_13_Top_A,CA,1.599,0.008,199.875,43.052742202005504,22.422841826683012,20.953161452058918,0.4346,0.4157371057369649,0.4143605428980188,-0.47917738383599406,-0.5133141263396024
axial,CA_13_Top_R,CA,1.599,0.008,199.875,45.85562362077376,22.422841826683012,20.953161452058918,0.4371,0.4157371057369649,0.4143605428980188,-0.5110121713288641,-0.5430623378859337
axial,CA_07+13_Mid_AA,CA,2.338,0.008,292.25,29.557309476543328,23.304432236315968,23.54844403123218,0.3421,0.33876010928606154,0.3388910621105834,-0.21155096153760683,-0.20329541327433007
axial,CA_07+13_Mid_AR,CA,2.338,0.008,292.25,30.31029502667478,23.304432236315968,23.54844403123218,0.3425,0.33876010928606154,0.3388910621105834,-0.2311380599955644,-0.22308760074726386
axial,CA_07+13_Mid_RA,CA,2.338,0.008,292.25,21.51828681806486,23.304432236315968,23.54844403123218,0.3378,0.33876010928606154,0.3388910621105834,0.08300593041410803,0.09434567121128713
axial,CA_07+13_Mid_RR,CA,2.338,0.008,292.25,27.86630917065554,23.304432236315968,23.54844403123218,0.3412,0.33876010928606154,0.3388910621105834,-0.16370581788934688,-0.15494930142992402
axial,CA_13+07_Mid_AA,CA,2.338,0.008,292.25,24.49767223757406,23.304432236315968,23.54844403123218,0.3394,0.33876010928606154,0.3388910621105834,-0.04870830133109238,-0.038747689867691754
axial,CA_13+07_Mid_AR,CA,2.338,0.008,292.25,19.107902639750126,23.304432236315968,23.54844403123218,0.3365,0.33876010928606154,0.3388910621105834,0.2196227223722509,0.23239292533574069
axial,CA_13+07_Mid_RA,CA,2.338,0.008,292.25,20.590116089000894,23.304432236315968,23.54844403123218,0.3373,0.33876010928606154,0.3388910621105834,0.1318261701673962,0.1436770890190175
axial,CA_13+07_Mid_RR,CA,2.338,0.008,292.25,20.775640245688614,23.304432236315968,23.54844403123218,0.3374,0.33876010928606154,0.3388910621105834,0.12171908835166378,0.13346417981602188
axial,TB_07_A,TB,0.778,0.008,97.25,16.010168405413168,20.841692973937,16.79141068089947,0.6099,0.6227729003572265,0.6119998592476175,0.3017784976509213,0.048796630722644896
axial,TB_07_R,TB,0.778,0.008,97.25,15.861654842094152,20.841692973937,16.79141068089947,0.6095,0.6227729003572265,0.6119998592476175,0.31396712268802296,0.05861657236027503
axial,TB_13_A,TB,1.378,0.008,172.24999999999997,17.50116267612967,22.08683701804599,20.016794999194115,0.4457,0.45105341599603443,0.4486447134812898,0.2620211254976134,0.1437408685135866
axial,TB_13_R,TB,1.378,0.008,172.24999999999997,20.836443212021805,22.08683701804599,20.016794999194115,0.4496,0.45105341599603443,0.4486447134812898,0.06000994475404311,-0.039337242181275246
axial,TB_07_Top_A,TB,1.038,0.008,129.75,41.92364446651609,21.460665445109417,18.34736553111237,0.5628,0.5281940292934111,0.5227282143210459,-0.4881011486906919,-0.5623623431458543
axial,TB_07_Top_R,TB,1.038,0.008,129.75,22.151940998365347,21.460665445109417,18.34736553111237,0.5294,0.5281940292934111,0.5227282143210459,-0.031206094008057444,-0.171749079122851
axial,TB_13_Top_A,TB,1.638,0.008,204.74999999999997,14.014112152187511,22.47775555925653,21.108928151248207,0.4026,0.41031408063004365,0.4090763410686347,0.6039371824028038,0.5062622535066014
axial,TB_13_Top_R,TB,1.638,0.008,204.74999999999997,19.041751787256256,22.47775555925653,21.108928151248207,0.4072,0.41031408063004365,0.4090763410686347,0.18044578095487138,0.10856019903459799
axial,TB_07+07_Mid_AA,TB,1.837,0.008,229.625,17.438244014408152,22.74088681820092,21.866088092931562,0.3815,0.38557227438594754,0.3849034222128769,0.30408123658617914,0.2539157081908565
axial,TB_07+07_Mid_AR,TB,1.837,0.008,229.625,19.77514030562247,22.74088681820092,21.866088092931562,0.3833,0.38557227438594754,0.3849034222128769,0.14997347511790987,0.10573617961712221
axial,TB_07+07_Mid_RA,TB,1.837,0.008,229.625,24.876151833897612,22.74088681820092,21.866088092931562,0.3872,0.38557227438594754,0.3849034222128769,-0.0858358250083947,-0.1210019845941112
axial,TB_07+07_Mid_RR,TB,1.837,0.008,229.625,24.350594613593096,22.74088681820092,21.866088092931562,0.3868,0.38557227438594754,0.3849034222128769,-0.0661054820605324,-0.10203063046660146
axial,TB_07+13_Mid_AA,TB,2.437,0.008,304.625,14.4375974666834,23.402741205429635,23.850529580695074,0.3268,0.3313594695748133,0.3315855606894578,0.6209581448322306,0.6519735804889434
axial,TB_07+13_Mid_AR,TB,2.437,0.008,304.625,16.78507647556441,23.402741205429635,23.850529580695074,0.328,0.3313594695748133,0.3315855606894578,0.3942588369793354,0.42093660493096346
axial,TB_07+13_Mid_RA,TB,2.437,0.008,304.625,-0.2299638013901163,23.402741205429635,23.850529580695074,0.3192,0.3313594695748133,0.3315855606894578,-102.76706535533671,-104.71427779728882
axial,TB_07+13_Mid_RR,TB,2.437,0.008,304.625,21.30846083281894,23.402741205429635,23.850529580695074,0.3303,0.3313594695748133,0.3315855606894578,0.09828398160908541,0.11929856256726344
axial,TB_13+07_Mid_AA,TB,2.437,0.008,304.625,13.462020610709626,23.402741205429635,23.850529580695074,0.3263,0.3313594695748133,0.3315855606894578,0.7384270818016525,0.7716901697298647
axial,TB_13+07_Mid_AR,TB,2.437,0.008,304.625,15.219134461087888,23.402741205429635,23.850529580695074,0.3272,0.3313594695748133,0.3315855606894578,0.5377182759811671,0.5671409988311648
axial,TB_13+07_Mid_RA,TB,2.437,0.008,304.625,31.85224931998175,23.402741205429635,23.850529580695074,0.3356,0.3313594695748133,0.3315855606894578,-0.2652719445232873,-0.25121364770515553
axial,TB_13+07_Mid_RR,TB,2.437,0.008,304.625,21.703292366383593,23.402741205429635,23.850529580695074,0.3305,0.3313594695748133,0.3315855606894578,0.0783037343070737,0.09893601293586932
axial,TB_07+07_MidTop_AA,TB,2.097,0.008,262.125,32.90021871651863,23.048508563926614,22.774078492995354,0.3652,0.3590507083113677,0.35887790469295305,-0.29944208691979435,-0.3077833710096011
axial,TB_07+07_MidTop_AR,TB,2.097,0.008,262.125,23.603623397208352,23.048508563926614,22.774078492995354,0.3594,0.3590507083113677,0.35887790469295305,-0.023518204130785824,-0.035144811889818155
axial,TB_07+07_MidTop_RA,TB,2.097,0.008,262.125,42.509798910177835,23.048508563926614,22.774078492995354,0.3711,0.3590507083113677,0.35887790469295305,-0.4578071608236127,-0.4642628505226189
axial,TB_07+07_MidTop_RR,TB,2.097,0.008,262.125,28.553978337182613,23.048508563926614,22.774078492995354,0.3625,0.3590507083113677,0.35887790469295305,-0.19280920186476605,-0.20242012429703185
axial,TB_07+13_MidTop_AA,TB,2.697,0.008,337.125,28.017081605300536,23.644793022831916,24.60534950285369,0.3159,0.31400297732316307,0.31442071891574597,-0.15605795935724545,-0.12177328640115681
axial,TB_07+13_MidTop_AR,TB,2.697,0.008,337.125,15.640288131353593,23.644793022831916,24.60534950285369,0.3105,0.31400297732316307,0.31442071891574597,0.5117875594268589,0.5732030827186695
axial,TB_07+13_MidTop_RA,TB,2.697,0.008,337.125,31.260713611468855,23.644793022831916,24.60534950285369,0.3173,0.31400297732316307,0.31442071891574597,-0.2436259352007508,-0.21289866224210122
axial,TB_07+13_MidTop_RR,TB,2.697,0.008,337.125,34.98528482764827,23.644793022831916,24.60534950285369,0.3189,0.31400297732316307,0.31442071891574597,-0.3241503352247731,-0.29669432093894216
axial,TB_13+07_MidTop_AA,TB,2.697,0.008,337.125,30.10062705840996,23.644793022831916,24.60534950285369,0.3168,0.31400297732316307,0.31442071891574597,-0.21447506801272156,-0.1825635573934303
axial,TB_13+07_MidTop_AR,TB,2.697,0.008,337.125,25.248241685947967,23.644793022831916,24.60534950285369,0.3147,0.31400297732316307,0.31442071891574597,-0.06350733976094891,-0.025462849694285063
axial,TB_13+07_MidTop_RA,TB,2.697,0.008,337.125,30.10062705840996,23.644793022831916,24.60534950285369,0.3168,0.31400297732316307,0.31442071891574597,-0.21447506801272156,-0.1825635573934303
axial,TB_13+07_MidTop_RR,TB,2.697,0.008,337.125,22.031247213627083,23.644793022831916,24.60534950285369,0.3133,0.31400297732316307,0.31442071891574597,0.07323896797848102,0.11683870024546038
axial,CSBD_07_A,CSBD,0.7,0.0125,55.99999999999999,20.459659216739865,19.70616692873472,14.171416772793437,0.69619,0.692751110804222,0.666947615787993,-0.036828193471993204,-0.30734834717097625
axial,CSBD_07_R,CSBD,0.7,0.0125,55.99999999999999,24.15159671059984,19.70616692873472,14.171416772793437,0.7128,0.692751110804222,0.666947615787993,-0.18406359774606845,-0.4132306471243048
axial,CSBD_13_A,CSBD,1.3,0.0125,104.0,19.432232466976323,20.984142135738935,17.141337550575674,0.4763,0.47928489968125987,0.4718592485943518,0.07986265455603056,-0.11789149395438017
axial,CSBD_13_R,CSBD,1.3,0.0125,104.0,20.003016595905827,20.984142135738935,17.141337550575674,0.4774,0.47928489968125987,0.4718592485943518,0.04904887895928273,-0.14306237419789347
axial,CSB_07_A,CSB,0.81,0.018,45.00000000000001,5.595077289337057,19.273549192694595,13.250183723064868,0.5873,0.6619451586883192,0.6301653488090965,2.444733324671956,1.368186003134702
axial,CSB_07_R,CSB,0.81,0.018,45.00000000000001,4.107194168752496,19.273549192694595,13.250183723064868,0.5786,0.6619451586883192,0.6301653488090965,3.6926316119475477,2.2260913846908363
axial,CSB_13_A,CSB,1.41,0.018,78.33333333333333,3.508147451682101,20.389066290082333,15.711337661968448,0.4291,0.47128066960923726,0.45997991744372213,4.811918276213303,3.4785283054265896
axial,CSB_13_R,CSB,1.41,0.018,78.33333333333333,7.914516134620815,20.389066290082333,15.711337661968448,0.4405,0.47128066960923726,0.45997991744372213,1.576160809236783,0.9851292731897602
planar_rotation,CA_07_A,CA,0.739,0.008,92.375,100.43311485580497,58.201463777343264,40.5809409292258,0.7888,0.7084937211863815,0.6721563404668095,-0.42049528324492413,-0.5959406318574392
planar_rotation,CA_07_R,CA,0.739,0.008,92.375,107.2452597757653,58.201463777343264,40.5809409292258,0.801,0.7084937211863815,0.6721563404668095,-0.45730502309347465,-0.6216062041895856
planar_rotation,CA_13_A,CA,1.339,0.008,167.375,58.70261573281762,26.258411768403665,24.197384823942393,0.5939,0.5102371728250965,0.5044539723974459,-0.5526875346080374,-0.587797161644794
planar_rotation,CA_13_R,CA,1.339,0.008,167.375,40.67924031787147,26.258411768403665,24.197384823942393,0.549,0.5102371728250965,0.5044539723974459,-0.3545009306167488,-0.40516625593640104
planar_rotation,CA_07_Top_A,CA,0.999,0.008,124.875,92.06399845476258,38.87047860412728,31.2200329180204,0.7112,0.5977251649702426,0.5795803218862592,-0.5777885030354506,-0.6608877146112553
planar_rotation,CA_07_Top_R,CA,0.999,0.008,124.875,67.20488326386956,38.87047860412728,31.2200329180204,0.6606,0.5977251649702426,0.5795803218862592,-0.4216122889238812,-0.5354499345614547
planar_rotation,CA_13_Top_A,CA,1.599,0.008,199.875,58.83181869379413,20.70466631440011,20.736084881259835,0.5654,0.4617534927685845,0.46184847823696573,-0.6480702658171582,-0.6475362254363356
planar_rotation,CA_13_Top_R,CA,1.599,0.008,199.875,57.137233573366515,20.70466631440011,20.736084881259835,0.5612,0.4617534927685845,0.46184847823696573,-0.6376326780362146,-0.6370827990012176
planar_rotation,CA_07+13_Mid_AA,CA,2.338,0.008,292.25,22.66838879986546,12.448728825507763,14.900334916752543,0.4118,0.3755573269147903,0.38456316018431325,-0.45083309910488006,-0.3426822237652383
planar_rotation,CA_07+13_Mid_AR,CA,2.338,0.008,292.25,20.24490631060522,12.448728825507763,14.900334916752543,0.4035,0.3755573269147903,0.38456316018431325,-0.38509328546575977,-0.2639958571234752
planar_rotation,CA_07+13_Mid_RA,CA,2.338,0.008,292.25,20.360568947129195,12.448728825507763,14.900334916752543,0.4039,0.3755573269147903,0.38456316018431325,-0.3885863966849997,-0.26817688860047967
planar_rotation,CA_07+13_Mid_RR,CA,2.338,0.008,292.25,19.065971840246753,12.448728825507763,14.900334916752543,0.3994,0.3755573269147903,0.38456316018431325,-0.3470708480105124,-0.21848542305621585
planar_rotation,CA_13+07_Mid_AA,CA,2.338,0.008,292.25,22.403216376155214,12.448728825507763,14.900334916752543,0.4109,0.3755573269147903,0.38456316018431325,-0.4443329646738794,-0.33490197717272135
planar_rotation,CA_13+07_Mid_AR,CA,2.338,0.008,292.25,22.72739479439634,12.448728825507763,14.900334916752543,0.412,0.3755573269147903,0.38456316018431325,-0.4522588735697451,-0.3443887849201983
planar_rotation,CA_13+07_Mid_RA,CA,2.338,0.008,292.25,24.45103166449831,12.448728825507763,14.900334916752543,0.4178,0.3755573269147903,0.38456316018431325,-0.49087101941867334,-0.39060506234642467
planar_rotation,CA_13+07_Mid_RR,CA,2.338,0.008,292.25,26.168426276256785,12.448728825507763,14.900334916752543,0.4235,0.3755573269147903,0.38456316018431325,-0.5242843916524403,-0.43059873912739033
planar_rotation,TB_07_A,TB,0.778,0.008,97.25,56.631173337393335,54.32819782526336,38.805444896278345,0.6965,0.69164528714656,0.6579893506515796,-0.04066621573262248,-0.31476883473549244
planar_rotation,TB_07_R,TB,0.778,0.008,97.25,56.48839258043247,54.32819782526336,38.805444896278345,0.6962,0.69164528714656,0.6579893506515796,-0.03824139184157628,-0.3130368360008792
planar_rotation,TB_13_A,TB,1.378,0.008,172.24999999999997,18.69444486439969,25.26806133573089,23.60053836474409,0.4848,0.5042489309549065,0.4993870451391206,0.35163475133992933,0.2624359019982027
planar_rotation,TB_13_R,TB,1.378,0.008,172.24999999999997,18.760727996972225,25.26806133573089,23.60053836474409,0.485,0.5042489309549065,0.4993870451391206,0.34685931909512674,0.25797561632751975
planar_rotation,TB_07_Top_A,TB,1.038,0.008,129.75,41.39982486160791,36.92737671210806,30.197099438448888,0.599,0.5881337513155975,0.5713925612686154,-0.10803060555087939,-0.270598377181732
planar_rotation,TB_07_Top_R,TB,1.038,0.008,129.75,30.12081668642949,36.92737671210806,30.197099438448888,0.5712,0.5881337513155975,0.5713925612686154,0.22597528136563336,0.0025325592202075594
planar_rotation,TB_13_Top_A,TB,1.638,0.008,204.74999999999997,18.143135883378154,20.04722025460432,20.305927836130998,0.4517,0.45773874531906666,0.45855309197370314,0.10494791988911871,0.11920717381245474
planar_rotation,TB_13_Top_R,TB,1.638,0.008,204.74999999999997,18.86537037566184,20.04722025460432,20.305927836130998,0.454,0.45773874531906666,0.45855309197370314,0.06264652404954532,0.07635988224899189
planar_rotation,TB_07+07_Mid_AA,TB,1.837,0.008,229.625,17.207352139272903,17.19389331855494,18.37831704882393,0.43,0.42995485960747415,0.433909395975074,-0.0007821552443994919,0.06805026712265023
planar_rotation,TB_07+07_Mid_AR,TB,1.837,0.008,229.625,17.11793223446478,17.19389331855494,18.37831704882393,0.4297,0.42995485960747415,0.433909395975074,0.004437515177050539,0.0736295013378733
planar_rotation,TB_07+07_Mid_RA,TB,1.837,0.008,229.625,17.805079702722292,17.19389331855494,18.37831704882393,0.432,0.42995485960747415,0.433909395975074,-0.03432651773380737,0.0321951575433832
planar_rotation,TB_07+07_Mid_RR,TB,1.837,0.008,229.625,16.197580871933848,17.19389331855494,18.37831704882393,0.4266,0.42995485960747415,0.433909395975074,0.061509953523210446,0.13463344891635795
planar_rotation,TB_07+13_Mid_AA,TB,2.437,0.008,304.625,10.10686420062678,11.776243337428854,14.372362693702526,0.3621,0.36868866095285013,0.37870728080766747,0.16517280767446602,0.42203975520035364
planar_rotation,TB_07+13_Mid_AR,TB,2.437,0.008,304.625,10.10686420062678,11.776243337428854,14.372362693702526,0.3621,0.36868866095285013,0.37870728080766747,0.16517280767446602,0.42203975520035364
planar_rotation,TB_07+13_Mid_RA,TB,2.437,0.008,304.625,13.14389922818806,11.776243337428854,14.372362693702526,0.374,0.36868866095285013,0.37870728080766747,-0.10405252406577854,0.09346263572075593
planar_rotation,TB_07+13_Mid_RR,TB,2.437,0.008,304.625,9.406538295776038,11.776243337428854,14.372362693702526,0.3593,0.36868866095285013,0.37870728080766747,0.25192105396699666,0.527911995016952
planar_rotation,TB_13+07_Mid_AA,TB,2.437,0.008,304.625,9.756021697143202,11.776243337428854,14.372362693702526,0.3607,0.36868866095285013,0.37870728080766747,0.20707432834812378,0.4731786316046323
planar_rotation,TB_13+07_Mid_AR,TB,2.437,0.008,304.625,13.040219152449136,11.776243337428854,14.372362693702526,0.3736,0.36868866095285013,0.37870728080766747,-0.09692903165533766,0.10215653016868155
planar_rotation,TB_13+07_Mid_RA,TB,2.437,0.008,304.625,11.421892576993333,11.776243337428854,14.372362693702526,0.3673,0.36868866095285013,0.37870728080766747,0.031023821844487987,0.2583170955969423
planar_rotation,TB_13+07_Mid_RR,TB,2.437,0.008,304.625,12.47196191550392,11.776243337428854,14.372362693702526,0.3714,0.36868866095285013,0.37870728080766747,-0.05578260924692347,0.15237384391273787
planar_rotation,TB_07+07_MidTop_AA,TB,2.097,0.008,262.125,15.242447214650797,14.400957755402489,16.379309336696004,0.4024,0.39940986700686654,0.40640476757013216,-0.055206978734981725,0.07458527531933802
planar_rotation,TB_07+07_MidTop_AR,TB,2.097,0.008,262.125,17.035948654801746,14.400957755402489,16.379309336696004,0.4087,0.39940986700686654,0.40640476757013216,-0.15467239029606725,-0.0385443353587863
planar_rotation,TB_07+07_MidTop_RA,TB,2.097,0.008,262.125,17.380726828805898,14.400957755402489,16.379309336696004,0.4099,0.39940986700686654,0.40640476757013216,-0.17144099339188146,-0.05761654860429644
planar_rotation,TB_07+07_MidTop_RR,TB,2.097,0.008,262.125,19.617106348932744,14.400957755402489,16.379309336696004,0.4176,0.39940986700686654,0.40640476757013216,-0.2658979617457208,-0.1650496742305162
planar_rotation,TB_07+13_MidTop_AA,TB,2.697,0.008,337.125,11.994294136445408,10.281420646848966,13.159223950186647,0.3554,0.3484665694412397,0.36003916978865763,-0.1428073607426192,0.09712366567712619
planar_rotation,TB_07+13_MidTop_AR,TB,2.697,0.008,337.125,12.119121440770448,10.281420646848966,13.159223950186647,0.3559,0.3484665694412397,0.36003916978865763,-0.15163646992918106,0.08582325992024029
planar_rotation,TB_07+13_MidTop_RA,TB,2.697,0.008,337.125,12.26914585511235,10.281420646848966,13.159223950186647,0.3565,0.3484665694412397,0.36003916978865763,-0.16201007239922346,0.07254605215271893
planar_rotation,TB_07+13_MidTop_RR,TB,2.697,0.008,337.125,12.26914585511235,10.281420646848966,13.159223950186647,0.3565,0.3484665694412397,0.36003916978865763,-0.16201007239922346,0.07254605215271893
planar_rotation,TB_13+07_MidTop_AA,TB,2.697,0.008,337.125,12.094141940562908,10.281420646848966,13.159223950186647,0.3558,0.3484665694412397,0.36003916978865763,-0.14988424169508058,0.08806594257435725
planar_rotation,TB_13+07_MidTop_AR,TB,2.697,0.008,337.125,11.496739836962249,10.281420646848966,13.159223950186647,0.3534,0.3484665694412397,0.36003916978865763,-0.10570989753164693,0.1446048303084565
planar_rotation,TB_13+07_MidTop_RA,TB,2.697,0.008,337.125,11.521550865059353,10.281420646848966,13.159223950186647,0.3535,0.3484665694412397,0.36003916978865763,-0.10763570223616756,0.14213998656151025
planar_rotation,TB_13+07_MidTop_RR,TB,2.697,0.008,337.125,11.298504320351022,10.281420646848966,13.159223950186647,0.3526,0.3484665694412397,0.36003916978865763,-0.09001931978466125,0.16468725214222127
planar_rotation,CSBD_07_A,CSBD,0.7,0.0125,55.99999999999999,81.84191762244002,113.76413538431281,62.72057813908864,0.8522,0.9333023845147387,0.7996904780857407,0.3900472849272549,-0.23363748112017055
planar_rotation,CSBD_07_R,CSBD,0.7,0.0125,55.99999999999999,84.63435691206689,113.76413538431281,62.72057813908864,0.8596,0.9333023845147387,0.7996904780857407,0.34418384607696695,-0.2589229666593456
planar_rotation,CSBD_13_A,CSBD,1.3,0.0125,104.0,26.871960057982573,49.659169937664146,36.6050005532171,0.5595,0.6452947763706098,0.597654005448484,0.8479921014512082,0.3622006163388605
planar_rotation,CSBD_13_R,CSBD,1.3,0.0125,104.0,27.118868109709233,49.659169937664146,36.6050005532171,0.5605,0.6452947763706098,0.597654005448484,0.831166763183782,0.34979824398023446
planar_rotation,CSB_07_A,CSB,0.81,0.018,45.00000000000001,56.68749092709562,152.47034019769328,75.86293481997862,0.81829,1.1325385153085603,0.8901282591306457,1.689664645658451,0.3382658780496048
planar_rotation,CSB_07_R,CSB,0.81,0.018,45.00000000000001,57.71279533992822,152.47034019769328,75.86293481997862,0.82229,1.1325385153085603,0.8901282591306457,1.6418810473421597,0.31449073594765464
planar_rotation,CSB_13_A,CSB,1.41,0.018,78.33333333333333,47.428179032886305,72.5809554768625,46.83969606979797,0.69267,0.8004864883985616,0.6899458127725405,0.5303340114857766,-0.012407875973485923
planar_rotation,CSB_13_R,CSB,1.41,0.018,78.33333333333333,48.078926540709155,72.5809554768625,46.83969606979797,0.69567,0.8004864883985616,0.6899458127725405,0.5096209649233143,-0.025774919701293936
