mode,support_type,exp_id,f_exp,f_pred,rel_error,pi_l
radial,TB,TB_07_A,0.4682,0.4722650382882898,0.008682268877167453,146.0
radial,TB,TB_07_R,0.4677,0.4722650382882898,0.009760612119499256,146.0
radial,TB,TB_13_A,0.3691,0.38016282757779885,0.029972439929013443,221.0
radial,TB,TB_13_R,0.3704,0.38016282757779885,0.026357525857988225,221.0
radial,TB,TB_07_Top_A,0.4256,0.42485289413641125,-0.001755417912567496,178.5
radial,TB,TB_07_Top_R,0.4224,0.42485289413641125,0.00580704104264028,178.5
radial,TB,TB_13_Top_A,0.3517,0.35416325624418066,0.0070038562530015495,253.5
radial,TB,TB_13_Top_R,0.352,0.35416325624418066,0.006145614330058745,253.5
radial,TB,TB_07+07_Mid_AA,0.334,0.3375233069053238,0.010548823069831629,278.375
radial,TB,TB_07+07_Mid_AR,0.3334,0.3375233069053238,0.012367447226526123,278.375
radial,TB,TB_07+07_Mid_RA,0.337,0.3375233069053238,0.0015528394816728829,278.375
radial,TB,TB_07+07_Mid_RR,0.3361,0.3375233069053238,0.004234772107479243,278.375
radial,TB,TB_07+13_Mid_AA,0.2953,0.29875344283058153,0.011694692958284866,353.375
radial,TB,TB_07+13_Mid_AR,0.2968,0.29875344283058153,0.0065816806960293794,353.375
radial,TB,TB_07+13_Mid_RA,0.3009,0.29875344283058153,-0.007133789197136832,353.375
radial,TB,TB_07+13_Mid_RR,0.2989,0.29875344283058153,-0.0004903217444579152,353.375
radial,TB,TB_13+07_Mid_AA,0.2993,0.29875344283058153,-0.0018261181738004754,353.375
radial,TB,TB_13+07_Mid_AR,0.2963,0.29875344283058153,0.008280266049887007,353.375
radial,TB,TB_13+07_Mid_RA,0.2981,0.29875344283058153,0.002192025597388635,353.375
radial,TB,TB_13+07_Mid_RR,0.2972,0.29875344283058153,0.005226927424567659,353.375
radial,TB,TB_07+07_MidTop_AA,0.3198,0.3189563353907033,-0.002638100717000283,310.875
radial,TB,TB_07+07_MidTop_AR,0.3203,0.3189563353907033,-0.004195019073670593,310.875
radial,TB,TB_07+07_MidTop_RA,0.3213,0.3189563353907033,-0.007294318734194497,310.875
radial,TB,TB_07+07_MidTop_RR,0.3216,0.3189563353907033,-0.008220350153285804,310.875
radial,TB,TB_07+13_MidTop_AA,0.287,0.2856621549952185,-0.004661480852897064,385.875
radial,TB,TB_07+13_MidTop_AR,0.2869,0.2856621549952185,-0.004314552125414668,385.875
radial,TB,TB_07+13_MidTop_RA,0.2876,0.2856621549952185,-0.006737986803829979,385.875
radial,TB,TB_07+13_MidTop_RR,0.287,0.2856621549952185,-0.004661480852897064,385.875
radial,TB,TB_13+07_MidTop_AA,0.2879,0.2856621549952185,-0.0077729941117800246,385.875
radial,TB,TB_13+07_MidTop_AR,0.2868,0.2856621549952185,-0.003967381467159969,385.875
radial,TB,TB_13+07_MidTop_RA,0.2873,0.2856621549952185,-0.005700817976963034,385.875
radial,TB,TB_13+07_MidTop_RR,0.2874,0.2856621549952185,-0.006046781505850622,385.875
radial,CSBD,CSBD_07_A,0.5457,0.5059286882273545,-0.07288127500942913,85.19999999999999
radial,CSBD,CSBD_07_R,0.5291,0.5059286882273545,-0.0437938230441231,85.19999999999999
radial,CSBD,CSBD_13_A,0.4221,0.39669641736124395,-0.06018380156066342,133.2
radial,CSBD,CSBD_13_R,0.415,0.39669641736124395,-0.04410501840664104,133.2
radial,CSB,CSB_07_A,0.411,0.435874457218339,0.06052179371858645,80.27777777777779
radial,CSB,CSB_07_R,0.4139,0.435874457218339,0.05309122304503266,80.27777777777779
radial,CSB,CSB_13_A,0.3485,0.36005157198833027,0.033146548029642155,113.61111111111111
radial,CSB,CSB_13_R,0.3504,0.36005157198833027,0.027544440605965403,113.61111111111111
axial,TB,TB_07_A,0.6099,0.6119998592476175,0.003442956628328355,97.25
axial,TB,TB_07_R,0.6095,0.6119998592476175,0.004101491792645479,97.25
axial,TB,TB_13_A,0.4457,0.4486447134812898,0.006606940725352993,172.24999999999997
axial,TB,TB_13_R,0.4496,0.4486447134812898,-0.002124747594995964,172.24999999999997
axial,TB,TB_07_Top_A,0.5628,0.5227282143210459,-0.07120075635919347,129.75
axial,TB,TB_07_Top_R,0.5294,0.5227282143210459,-0.012602541894510958,129.75
axial,TB,TB_13_Top_A,0.4026,0.4090763410686347,0.016086291775048944,204.74999999999997
axial,TB,TB_13_Top_R,0.4072,0.4090763410686347,0.004607910286431023,204.74999999999997
axial,TB,TB_07+07_Mid_AA,0.3815,0.3849034222128769,0.008921159142534395,229.625
axial,TB,TB_07+07_Mid_AR,0.3833,0.3849034222128769,0.004183204312227769,229.625
axial,TB,TB_07+07_Mid_RA,0.3872,0.3849034222128769,-0.005931244284925389,229.625
axial,TB,TB_07+07_Mid_RR,0.3868,0.3849034222128769,-0.004903251776429937,229.625
axial,TB,TB_07+13_Mid_AA,0.3268,0.3315855606894578,0.014643698560152529,304.625
axial,TB,TB_07+13_Mid_AR,0.328,0.3315855606894578,0.010931587467859182,304.625
axial,TB,TB_07+13_Mid_RA,0.3192,0.3315855606894578,0.03880188185920377,304.625
axial,TB,TB_07+13_Mid_RR,0.3303,0.3315855606894578,0.0038921001800116353,304.625
axial,TB,TB_13+07_Mid_AA,0.3263,0.3315855606894578,0.01619846978074731,304.625
axial,TB,TB_13+07_Mid_AR,0.3272,0.3315855606894578,0.013403302840641304,304.625
axial,TB,TB_13+07_Mid_RA,0.3356,0.3315855606894578,-0.011961976491484456,304.625
axial,TB,TB_13+07_Mid_RR,0.3305,0.3315855606894578,0.0032846011783897416,304.625
axial,TB,TB_07+07_MidTop_AA,0.3652,0.35887790469295305,-0.017311323403743074,262.125
axial,TB,TB_07+07_MidTop_AR,0.3594,0.35887790469295305,-0.00145268588493863,262.125
axial,TB,TB_07+07_MidTop_RA,0.3711,0.35887790469295305,-0.03293477582066002,262.125
axial,TB,TB_07+07_MidTop_RR,0.3625,0.35887790469295305,-0.00999198705392258,262.125
axial,TB,TB_07+13_MidTop_AA,0.3159,0.31442071891574597,-0.004682751137239782,337.125
axial,TB,TB_07+13_MidTop_AR,0.3105,0.31442071891574597,0.012627114060373491,337.125
axial,TB,TB_07+13_MidTop_RA,0.3173,0.31442071891574597,-0.009074317945962997,337.125
axial,TB,TB_07+13_MidTop_RR,0.3189,0.31442071891574597,-0.014046036639241297,337.125
axial,TB,TB_13+07_MidTop_AA,0.3168,0.31442071891574597,-0.007510356957872661,337.125
axial,TB,TB_13+07_MidTop_AR,0.3147,0.31442071891574597,-0.0008874518088783374,337.125
axial,TB,TB_13+07_MidTop_RA,0.3168,0.31442071891574597,-0.007510356957872661,337.125
axial,TB,TB_13+07_MidTop_RR,0.3133,0.31442071891574597,0.0035771430441938843,337.125
axial,CSBD,CSBD_07_A,0.69619,0.666947615787993,-0.04200345338486186,55.99999999999999
axial,CSBD,CSBD_07_R,0.7128,0.666947615787993,-0.06432713834456649,55.99999999999999
axial,CSBD,CSBD_13_A,0.4763,0.4718592485943518,-0.009323433562141933,104.0
axial,CSBD,CSBD_13_R,0.4774,0.4718592485943518,-0.011606098461768312,104.0
axial,CSB,CSB_07_A,0.5873,0.6301653488090965,0.07298714253208995,45.00000000000001
axial,CSB,CSB_07_R,0.5786,0.6301653488090965,0.08912089320618125,45.00000000000001
axial,CSB,CSB_13_A,0.4291,0.45997991744372213,0.07196438462764426,78.33333333333333
axial,CSB,CSB_13_R,0.4405,0.45997991744372213,0.044222287045907215,78.33333333333333
planar_rotation,TB,TB_07_A,0.6965,0.6579893506515796,-0.05529167171345357,97.25
planar_rotation,TB,TB_07_R,0.6962,0.6579893506515796,-0.05488458682622873,97.25
planar_rotation,TB,TB_13_A,0.4848,0.4993870451391206,0.03008878947838401,172.24999999999997
planar_rotation,TB,TB_13_R,0.485,0.4993870451391206,0.029664010596124932,172.24999999999997
planar_rotation,TB,TB_07_Top_A,0.599,0.5713925612686154,-0.046089213241042745,129.75
planar_rotation,TB,TB_07_Top_R,0.5712,0.5713925612686154,0.00033711706690359275,129.75
planar_rotation,TB,TB_13_Top_A,0.4517,0.45855309197370314,0.015171777670363408,204.74999999999997
planar_rotation,TB,TB_13_Top_R,0.454,0.45855309197370314,0.010028836946482659,204.74999999999997
planar_rotation,TB,TB_07+07_Mid_AA,0.43,0.433909395975074,0.00909161854668373,229.625
planar_rotation,TB,TB_07+07_Mid_AR,0.4297,0.433909395975074,0.009796127472827485,229.625
planar_rotation,TB,TB_07+07_Mid_RA,0.432,0.433909395975074,0.004419898090449079,229.625
planar_rotation,TB,TB_07+07_Mid_RR,0.4266,0.433909395975074,0.017134074015644676,229.625
planar_rotation,TB,TB_07+13_Mid_AA,0.3621,0.37870728080766747,0.04586379676240677,304.625
planar_rotation,TB,TB_07+13_Mid_AR,0.3621,0.37870728080766747,0.04586379676240677,304.625
planar_rotation,TB,TB_07+13_Mid_RA,0.374,0.37870728080766747,0.012586312319966495,304.625
planar_rotation,TB,TB_07+13_Mid_RR,0.3593,0.37870728080766747,0.054014140850730474,304.625
planar_rotation,TB,TB_13+07_Mid_AA,0.3607,0.37870728080766747,0.049923151670827406,304.625
planar_rotation,TB,TB_13+07_Mid_AR,0.3736,0.37870728080766747,0.013670451840651715,304.625
planar_rotation,TB,TB_13+07_Mid_RA,0.3673,0.37870728080766747,0.031057121719758923,304.625
planar_rotation,TB,TB_13+07_Mid_RR,0.3714,0.37870728080766747,0.019674961786934463,304.625
planar_rotation,TB,TB_07+07_MidTop_AA,0.4024,0.40640476757013216,0.00995220569118336,262.125
planar_rotation,TB,TB_07+07_MidTop_AR,0.4087,0.40640476757013216,-0.005615934499309625,262.125
planar_rotation,TB,TB_07+07_MidTop_RA,0.4099,0.40640476757013216,-0.008527036911119354,262.125
planar_rotation,TB,TB_07+07_MidTop_RR,0.4176,0.40640476757013216,-0.026808506776503503,262.125
planar_rotation,TB,TB_07+13_MidTop_AA,0.3554,0.36003916978865763,0.013053375882548221,337.125
planar_rotation,TB,TB_07+13_MidTop_AR,0.3559,0.36003916978865763,0.011630148324410332,337.125
planar_rotation,TB,TB_07+13_MidTop_RA,0.3565,0.36003916978865763,0.009927544989222013,337.125
planar_rotation,TB,TB_07+13_MidTop_RR,0.3565,0.36003916978865763,0.009927544989222013,337.125
planar_rotation,TB,TB_13+07_MidTop_AA,0.3558,0.36003916978865763,0.011914473829841558,337.125
planar_rotation,TB,TB_13+07_MidTop_AR,0.3534,0.36003916978865763,0.018786558541759025,337.125
planar_rotation,TB,TB_13+07_MidTop_RA,0.3535,0.36003916978865763,0.018498358666641162,337.125
planar_rotation,TB,TB_13+07_MidTop_RR,0.3526,0.36003916978865763,0.02109804250895521,337.125
planar_rotation,CSBD,CSBD_07_A,0.8522,0.7996904780857407,-0.06161643031478442,55.99999999999999
planar_rotation,CSBD,CSBD_07_R,0.8596,0.7996904780857407,-0.06969465090072051,55.99999999999999
planar_rotation,CSBD,CSBD_13_A,0.5595,0.597654005448484,0.06819303922874713,104.0
planar_rotation,CSBD,CSBD_13_R,0.5605,0.597654005448484,0.06628725325331672,104.0
planar_rotation,CSB,CSB_07_A,0.81829,0.8901282591306457,0.08779070883262143,45.00000000000001
planar_rotation,CSB,CSB_07_R,0.82229,0.8901282591306457,0.0824991902256452,45.00000000000001
planar_rotation,CSB,CSB_13_A,0.69267,0.6899458127725405,-0.003932878899706187,78.33333333333333
planar_rotation,CSB,CSB_13_R,0.69567,0.6899458127725405,-0.008228308289073106,78.33333333333333
