old_name,new_name,status,message
CA_07+13_Mid_AA.XLS,CA_07+13_Mid_AA.XLS,skipped,prefix unchanged
CA_07+13_Mid_AR.XLS,CA_07+13_Mid_AR.XLS,skipped,prefix unchanged
CA_07+13_Mid_RA.XLS,CA_07+13_Mid_RA.XLS,skipped,prefix unchanged
CA_07+13_Mid_RR.XLS,CA_07+13_Mid_RR.XLS,skipped,prefix unchanged
CA_07_A.XLS,CA_07_A.XLS,skipped,prefix unchanged
CA_07_A_Top.XLS,CA_07_A_Top.XLS,skipped,prefix unchanged
CA_07_R.XLS,CA_07_R.XLS,skipped,prefix unchanged
CA_07_R_Top.XLS,CA_07_R_Top.XLS,skipped,prefix unchanged
CA_13+07_Mid_AA.XLS,CA_13+07_Mid_AA.XLS,skipped,prefix unchanged
CA_13+07_Mid_AR.XLS,CA_13+07_Mid_AR.XLS,skipped,prefix unchanged
CA_13+07_Mid_RA.XLS,CA_13+07_Mid_RA.XLS,skipped,prefix unchanged
CA_13+07_Mid_RR.XLS,CA_13+07_Mid_RR.XLS,skipped,prefix unchanged
CA_13_A.XLS,CA_13_A.XLS,skipped,prefix unchanged
CA_13_A_Top.XLS,CA_13_A_Top.XLS,skipped,prefix unchanged
CA_13_R.XLS,CA_13_R.XLS,skipped,prefix unchanged
CA_13_R_Top.XLS,CA_13_R_Top.XLS,skipped,prefix unchanged
CS_07_A.XLS,CSB_07_A.XLS,renamed,
CS_07_R.XLS,CSB_07_R.XLS,renamed,
CS_13_A.XLS,CSB_13_A.XLS,renamed,
CS_13_R.XLS,CSB_13_R.XLS,renamed,
TB_07+07_Mid_AA.XLS,TB_07+07_Mid_AA.XLS,skipped,prefix unchanged
TB_07+07_Mid_AR.XLS,TB_07+07_Mid_AR.XLS,skipped,prefix unchanged
TB_07+07_Mid_RA.XLS,TB_07+07_Mid_RA.XLS,skipped,prefix unchanged
TB_07+07_Mid_RR.XLS,TB_07+07_Mid_RR.XLS,skipped,prefix unchanged
TB_07+07_MidTop_AA.XLS,TB_07+07_MidTop_AA.XLS,skipped,prefix unchanged
TB_07+07_MidTop_AR.XLS,TB_07+07_MidTop_AR.XLS,skipped,prefix unchanged
TB_07+07_MidTop_RA.XLS,TB_07+07_MidTop_RA.XLS,skipped,prefix unchanged
TB_07+07_MidTop_RR.XLS,TB_07+07_MidTop_RR.XLS,skipped,prefix unchanged
TB_07+13_Mid_AA.XLS,TB_07+13_Mid_AA.XLS,skipped,prefix unchanged
TB_07+13_Mid_AR.XLS,TB_07+13_Mid_AR.XLS,skipped,prefix unchanged
TB_07+13_Mid_RA.XLS,TB_07+13_Mid_RA.XLS,skipped,prefix unchanged
TB_07+13_Mid_RR.XLS,TB_07+13_Mid_RR.XLS,skipped,prefix unchanged
TB_07+13_MidTop_AA.XLS,TB_07+13_MidTop_AA.XLS,skipped,prefix unchanged
TB_07+13_MidTop_AR.XLS,TB_07+13_MidTop_AR.XLS,skipped,prefix unchanged
TB_07+13_MidTop_RA.XLS,TB_07+13_MidTop_RA.XLS,skipped,prefix unchanged
TB_07+13_MidTop_RR.XLS,TB_07+13_MidTop_RR.XLS,skipped,prefix unchanged
TB_07_R.XLS,TB_07_R.XLS,skipped,prefix unchanged
TB_07_Top_A.XLS,TB_07_Top_A.XLS,skipped,prefix unchanged
TB_07_Top_R.XLS,TB_07_Top_R.XLS,skipped,prefix unchanged
TB_13+07_Mid_AA.XLS,TB_13+07_Mid_AA.XLS,skipped,prefix unchanged
TB_13+07_Mid_AR.XLS,TB_13+07_Mid_AR.XLS,skipped,prefix unchanged
TB_13+07_Mid_RA.XLS,TB_13+07_Mid_RA.XLS,skipped,prefix unchanged
TB_13+07_Mid_RR.XLS,TB_13+07_Mid_RR.XLS,skipped,prefix unchanged
TB_13+07_MidTop_AA.XLS,TB_13+07_MidTop_AA.XLS,skipped,prefix unchanged
TB_13+07_MidTop_AR.XLS,TB_13+07_MidTop_AR.XLS,skipped,prefix unchanged
TB_13+07_MidTop_RA.XLS,TB_13+07_MidTop_RA.XLS,skipped,prefix unchanged
TB_13+07_MidTop_RR.XLS,TB_13+07_MidTop_RR.XLS,skipped,prefix unchanged
TB_13_A.XLS,TB_13_A.XLS,skipped,prefix unchanged
TB_13_R.XLS,TB_13_R.XLS,skipped,prefix unchanged
TB_13_Top_A.XLS,TB_13_Top_A.XLS,skipped,prefix unchanged
TB_13_Top_R.XLS,TB_13_Top_R.XLS,skipped,prefix unchanged
TR_07_A.XLS,CSBD_07_A.XLS,renamed,
TR_07_R.XLS,CSBD_07_R.XLS,renamed,
TR_13_A.XLS,CSBD_13_A.XLS,renamed,
TR_13_R.XLS,CSBD_13_R.XLS,renamed,
