bin_index,amplitude_lower_mm_s,amplitude_upper_mm_s,window_count,NLI_below_5_count,fraction_NLI_below_5_pct,window_weighting,record_level_reweighting,display_rule
0,0.00303142231909,2.9226229828,11654,11268,96.6878325039,equal weight per retained window,False,display only when window_count >= 8
1,2.9226229828,5.84221454329,3562,3456,97.0241437395,equal weight per retained window,False,display only when window_count >= 8
2,5.84221454329,8.76180610378,2331,2246,96.3534963535,equal weight per retained window,False,display only when window_count >= 8
3,8.76180610378,11.6813976643,1980,1923,97.1212121212,equal weight per retained window,False,display only when window_count >= 8
4,11.6813976643,14.6009892247,1614,1561,96.7162329616,equal weight per retained window,False,display only when window_count >= 8
5,14.6009892247,17.5205807852,1366,1311,95.9736456808,equal weight per retained window,False,display only when window_count >= 8
6,17.5205807852,20.4401723457,1182,1085,91.79357022,equal weight per retained window,False,display only when window_count >= 8
7,20.4401723457,23.3597639062,1068,974,91.1985018727,equal weight per retained window,False,display only when window_count >= 8
8,23.3597639062,26.2793554667,851,778,91.4218566392,equal weight per retained window,False,display only when window_count >= 8
9,26.2793554667,29.1989470272,680,651,95.7352941176,equal weight per retained window,False,display only when window_count >= 8
10,29.1989470272,32.1185385877,626,604,96.4856230032,equal weight per retained window,False,display only when window_count >= 8
11,32.1185385877,35.0381301481,537,529,98.5102420857,equal weight per retained window,False,display only when window_count >= 8
12,35.0381301481,37.9577217086,513,504,98.2456140351,equal weight per retained window,False,display only when window_count >= 8
13,37.9577217086,40.8773132691,495,485,97.9797979798,equal weight per retained window,False,display only when window_count >= 8
14,40.8773132691,43.7969048296,449,439,97.7728285078,equal weight per retained window,False,display only when window_count >= 8
15,43.7969048296,46.7164963901,379,369,97.3614775726,equal weight per retained window,False,display only when window_count >= 8
16,46.7164963901,49.6360879506,386,379,98.1865284974,equal weight per retained window,False,display only when window_count >= 8
17,49.6360879506,52.5556795111,315,307,97.4603174603,equal weight per retained window,False,display only when window_count >= 8
18,52.5556795111,55.4752710716,335,326,97.3134328358,equal weight per retained window,False,display only when window_count >= 8
19,55.4752710716,58.394862632,306,297,97.0588235294,equal weight per retained window,False,display only when window_count >= 8
20,58.394862632,61.3144541925,282,277,98.2269503546,equal weight per retained window,False,display only when window_count >= 8
21,61.3144541925,64.234045753,254,249,98.031496063,equal weight per retained window,False,display only when window_count >= 8
22,64.234045753,67.1536373135,262,259,98.8549618321,equal weight per retained window,False,display only when window_count >= 8
23,67.1536373135,70.073228874,266,263,98.8721804511,equal weight per retained window,False,display only when window_count >= 8
24,70.073228874,72.9928204345,221,218,98.6425339367,equal weight per retained window,False,display only when window_count >= 8
25,72.9928204345,75.912411995,235,225,95.7446808511,equal weight per retained window,False,display only when window_count >= 8
26,75.912411995,78.8320035554,216,210,97.2222222222,equal weight per retained window,False,display only when window_count >= 8
27,78.8320035554,81.7515951159,198,194,97.9797979798,equal weight per retained window,False,display only when window_count >= 8
28,81.7515951159,84.6711866764,196,194,98.9795918367,equal weight per retained window,False,display only when window_count >= 8
29,84.6711866764,87.5907782369,189,185,97.8835978836,equal weight per retained window,False,display only when window_count >= 8
30,87.5907782369,90.5103697974,208,202,97.1153846154,equal weight per retained window,False,display only when window_count >= 8
31,90.5103697974,93.4299613579,178,174,97.7528089888,equal weight per retained window,False,display only when window_count >= 8
32,93.4299613579,96.3495529184,191,187,97.9057591623,equal weight per retained window,False,display only when window_count >= 8
33,96.3495529184,99.2691444788,174,169,97.1264367816,equal weight per retained window,False,display only when window_count >= 8
34,99.2691444788,102.188736039,156,151,96.7948717949,equal weight per retained window,False,display only when window_count >= 8
35,102.188736039,105.1083276,149,143,95.9731543624,equal weight per retained window,False,display only when window_count >= 8
36,105.1083276,108.02791916,162,158,97.5308641975,equal weight per retained window,False,display only when window_count >= 8
37,108.02791916,110.947510721,142,140,98.5915492958,equal weight per retained window,False,display only when window_count >= 8
38,110.947510721,113.867102281,115,114,99.1304347826,equal weight per retained window,False,display only when window_count >= 8
39,113.867102281,116.786693842,155,153,98.7096774194,equal weight per retained window,False,display only when window_count >= 8
40,116.786693842,119.706285402,147,141,95.9183673469,equal weight per retained window,False,display only when window_count >= 8
41,119.706285402,122.625876963,118,115,97.4576271186,equal weight per retained window,False,display only when window_count >= 8
42,122.625876963,125.545468523,115,115,100,equal weight per retained window,False,display only when window_count >= 8
43,125.545468523,128.465060084,139,138,99.2805755396,equal weight per retained window,False,display only when window_count >= 8
44,128.465060084,131.384651644,127,126,99.2125984252,equal weight per retained window,False,display only when window_count >= 8
45,131.384651644,134.304243205,95,95,100,equal weight per retained window,False,display only when window_count >= 8
46,134.304243205,137.223834765,100,98,98,equal weight per retained window,False,display only when window_count >= 8
47,137.223834765,140.143426326,108,107,99.0740740741,equal weight per retained window,False,display only when window_count >= 8
48,140.143426326,143.063017886,101,100,99.0099009901,equal weight per retained window,False,display only when window_count >= 8
49,143.063017886,145.982609447,108,107,99.0740740741,equal weight per retained window,False,display only when window_count >= 8
50,145.982609447,148.902201007,104,104,100,equal weight per retained window,False,display only when window_count >= 8
51,148.902201007,151.821792568,100,100,100,equal weight per retained window,False,display only when window_count >= 8
52,151.821792568,154.741384128,118,117,99.1525423729,equal weight per retained window,False,display only when window_count >= 8
53,154.741384128,157.660975689,105,105,100,equal weight per retained window,False,display only when window_count >= 8
54,157.660975689,160.580567249,101,101,100,equal weight per retained window,False,display only when window_count >= 8
55,160.580567249,163.50015881,85,85,100,equal weight per retained window,False,display only when window_count >= 8
56,163.50015881,166.41975037,97,97,100,equal weight per retained window,False,display only when window_count >= 8
57,166.41975037,169.339341931,105,105,100,equal weight per retained window,False,display only when window_count >= 8
58,169.339341931,172.258933491,90,90,100,equal weight per retained window,False,display only when window_count >= 8
59,172.258933491,175.178525051,86,86,100,equal weight per retained window,False,display only when window_count >= 8
60,175.178525051,178.098116612,72,70,97.2222222222,equal weight per retained window,False,display only when window_count >= 8
61,178.098116612,181.017708172,86,86,100,equal weight per retained window,False,display only when window_count >= 8
62,181.017708172,183.937299733,77,77,100,equal weight per retained window,False,display only when window_count >= 8
63,183.937299733,186.856891293,74,74,100,equal weight per retained window,False,display only when window_count >= 8
64,186.856891293,189.776482854,79,79,100,equal weight per retained window,False,display only when window_count >= 8
65,189.776482854,192.696074414,71,71,100,equal weight per retained window,False,display only when window_count >= 8
66,192.696074414,195.615665975,59,59,100,equal weight per retained window,False,display only when window_count >= 8
67,195.615665975,198.535257535,62,62,100,equal weight per retained window,False,display only when window_count >= 8
68,198.535257535,201.454849096,56,56,100,equal weight per retained window,False,display only when window_count >= 8
69,201.454849096,204.374440656,60,60,100,equal weight per retained window,False,display only when window_count >= 8
70,204.374440656,207.294032217,75,75,100,equal weight per retained window,False,display only when window_count >= 8
71,207.294032217,210.213623777,66,65,98.4848484848,equal weight per retained window,False,display only when window_count >= 8
72,210.213623777,213.133215338,63,63,100,equal weight per retained window,False,display only when window_count >= 8
73,213.133215338,216.052806898,56,56,100,equal weight per retained window,False,display only when window_count >= 8
74,216.052806898,218.972398459,64,64,100,equal weight per retained window,False,display only when window_count >= 8
75,218.972398459,221.891990019,62,62,100,equal weight per retained window,False,display only when window_count >= 8
76,221.891990019,224.81158158,63,63,100,equal weight per retained window,False,display only when window_count >= 8
77,224.81158158,227.73117314,50,50,100,equal weight per retained window,False,display only when window_count >= 8
78,227.73117314,230.650764701,50,50,100,equal weight per retained window,False,display only when window_count >= 8
79,230.650764701,233.570356261,50,50,100,equal weight per retained window,False,display only when window_count >= 8
80,233.570356261,236.489947822,55,55,100,equal weight per retained window,False,display only when window_count >= 8
81,236.489947822,239.409539382,60,60,100,equal weight per retained window,False,display only when window_count >= 8
82,239.409539382,242.329130943,57,57,100,equal weight per retained window,False,display only when window_count >= 8
83,242.329130943,245.248722503,48,48,100,equal weight per retained window,False,display only when window_count >= 8
84,245.248722503,248.168314064,56,56,100,equal weight per retained window,False,display only when window_count >= 8
85,248.168314064,251.087905624,53,53,100,equal weight per retained window,False,display only when window_count >= 8
86,251.087905624,254.007497185,48,48,100,equal weight per retained window,False,display only when window_count >= 8
87,254.007497185,256.927088745,49,49,100,equal weight per retained window,False,display only when window_count >= 8
88,256.927088745,259.846680306,40,40,100,equal weight per retained window,False,display only when window_count >= 8
89,259.846680306,262.766271866,56,56,100,equal weight per retained window,False,display only when window_count >= 8
90,262.766271866,265.685863427,49,49,100,equal weight per retained window,False,display only when window_count >= 8
91,265.685863427,268.605454987,42,42,100,equal weight per retained window,False,display only when window_count >= 8
92,268.605454987,271.525046548,55,55,100,equal weight per retained window,False,display only when window_count >= 8
93,271.525046548,274.444638108,46,46,100,equal weight per retained window,False,display only when window_count >= 8
94,274.444638108,277.364229668,51,51,100,equal weight per retained window,False,display only when window_count >= 8
95,277.364229668,280.283821229,55,55,100,equal weight per retained window,False,display only when window_count >= 8
96,280.283821229,283.203412789,47,47,100,equal weight per retained window,False,display only when window_count >= 8
97,283.203412789,286.12300435,38,38,100,equal weight per retained window,False,display only when window_count >= 8
98,286.12300435,289.04259591,47,47,100,equal weight per retained window,False,display only when window_count >= 8
99,289.04259591,291.962187471,55,55,100,equal weight per retained window,False,display only when window_count >= 8
100,291.962187471,294.881779031,60,60,100,equal weight per retained window,False,display only when window_count >= 8
101,294.881779031,297.801370592,62,62,100,equal weight per retained window,False,display only when window_count >= 8
102,297.801370592,300.720962152,55,55,100,equal weight per retained window,False,display only when window_count >= 8
103,300.720962152,303.640553713,48,48,100,equal weight per retained window,False,display only when window_count >= 8
104,303.640553713,306.560145273,54,54,100,equal weight per retained window,False,display only when window_count >= 8
105,306.560145273,309.479736834,52,52,100,equal weight per retained window,False,display only when window_count >= 8
106,309.479736834,312.399328394,56,56,100,equal weight per retained window,False,display only when window_count >= 8
107,312.399328394,315.318919955,46,46,100,equal weight per retained window,False,display only when window_count >= 8
108,315.318919955,318.238511515,75,75,100,equal weight per retained window,False,display only when window_count >= 8
109,318.238511515,321.158103076,54,54,100,equal weight per retained window,False,display only when window_count >= 8
110,321.158103076,324.077694636,64,64,100,equal weight per retained window,False,display only when window_count >= 8
111,324.077694636,326.997286197,62,62,100,equal weight per retained window,False,display only when window_count >= 8
112,326.997286197,329.916877757,56,56,100,equal weight per retained window,False,display only when window_count >= 8
113,329.916877757,332.836469318,45,45,100,equal weight per retained window,False,display only when window_count >= 8
114,332.836469318,335.756060878,23,23,100,equal weight per retained window,False,display only when window_count >= 8
115,335.756060878,338.675652439,24,24,100,equal weight per retained window,False,display only when window_count >= 8
116,338.675652439,341.595243999,11,11,100,equal weight per retained window,False,display only when window_count >= 8
