exp_id,channel_id,channel_label,classification,classification_reason,confidence,experiment_action,experiment_level_proposed_factor,has_adjusted_signal,actual_channel_factor,downstream_dataset_read,raw_signal_sha256,adjusted_signal_sha256,downstream_signal_sha256,adjusted_equals_raw_times_factor,multiply_max_abs_error,multiply_max_rel_error,row_index,row_flag
TB_13_Top_R,ch_01,1#1,suspected_gain_mismatch,manual override: confirmed by experiment context as wrong speed-range setting,high,write_adjusted_signal,59.0814196242,False,,signal,5fa4227de3d0660e70b9874ae8c289080aa66041cf6259d09a76a23feee1872b,,5fa4227de3d0660e70b9874ae8c289080aa66041cf6259d09a76a23feee1872b,not_applicable,,,1,ok
TB_13_Top_R,ch_02,1#2,suspected_gain_mismatch,manual override: confirmed by experiment context as wrong speed-range setting,high,write_adjusted_signal,59.0814196242,False,,signal,21dd7328981a866004b59f595a1f6240dcb2c0bf4fe90f62d8c1f43fa83ef834,,21dd7328981a866004b59f595a1f6240dcb2c0bf4fe90f62d8c1f43fa83ef834,not_applicable,,,1,ok
TB_13_Top_R,ch_03,1#3,suspected_gain_mismatch,manual override: confirmed by experiment context as wrong speed-range setting,high,write_adjusted_signal,59.0814196242,False,,signal,75ba572cc49819ca5ed1d41accd5bb9569cb54e8c2d2c0be1de40e87ce43bebf,,75ba572cc49819ca5ed1d41accd5bb9569cb54e8c2d2c0be1de40e87ce43bebf,not_applicable,,,1,ok
TB_13_Top_R,ch_04,1#4,suspected_gain_mismatch,manual override: confirmed by experiment context as wrong speed-range setting,high,write_adjusted_signal,59.0814196242,False,,signal,ae84849bd9ceb792939d7ff36fca42b7f604557bf3cf3fcfc1e05a4565c513ed,,ae84849bd9ceb792939d7ff36fca42b7f604557bf3cf3fcfc1e05a4565c513ed,not_applicable,,,1,ok
TB_13_Top_R,ch_05,2#1,suspected_gain_mismatch,manual override: confirmed by experiment context as wrong speed-range setting,high,write_adjusted_signal,59.0814196242,True,58.0281677246,signal_adjusted,3df684c23bbfb794be40c790b9a00b1d5bce35cae0f3e58667f0ac0f88b03c02,486fd43f789c85f543f42679b09a7a8567a12a39da8dd1b94f257f2443c55236,486fd43f789c85f543f42679b09a7a8567a12a39da8dd1b94f257f2443c55236,PASS_FLOAT_STORAGE_TOLERANCE,4.7470575737e-07,5.83117002125e-08,2,confirmed_adjusted
TB_13_Top_R,ch_06,2#2,suspected_gain_mismatch,manual override: confirmed by experiment context as wrong speed-range setting,high,write_adjusted_signal,59.0814196242,True,58.9041099548,signal_adjusted,6b4b8a8b215846ac86774dc0fbd301d86e76949d2b46c0fec7ff0cbcecd8c08a,3686a00a76301ca5ad179931e0447fc5162cc1365af6d985c9f3b2396ff1e882,3686a00a76301ca5ad179931e0447fc5162cc1365af6d985c9f3b2396ff1e882,PASS_FLOAT_STORAGE_TOLERANCE,4.72866474865e-07,5.81443050751e-08,2,confirmed_adjusted
TB_13_Top_R,ch_07,2#3,suspected_gain_mismatch,manual override: confirmed by experiment context as wrong speed-range setting,high,write_adjusted_signal,59.0814196242,True,58.1717453003,signal_adjusted,bcac6ab9651c6991c6a83facdf905cf5fd3f042dc259cf4e0b3120ae305f07cd,e2ffa7229cf49c32a4f96889ac079bb6ea874c32002ec60ce4a6c9f8be511028,e2ffa7229cf49c32a4f96889ac079bb6ea874c32002ec60ce4a6c9f8be511028,PASS_FLOAT_STORAGE_TOLERANCE,1.22846395243e-05,5.72512942544e-08,2,confirmed_adjusted
TB_13_Top_R,ch_08,2#4,suspected_gain_mismatch,manual override: confirmed by experiment context as wrong speed-range setting,high,write_adjusted_signal,59.0814196242,True,61.2359542847,signal_adjusted,f9516c7743af07c1b76506cd0751dd849da7486a3e63fa6d8d7d6f3c740431e2,c872dada5a6eb8025d5a6899161f4e052c5eea2bde501a4ae32eb19c6346bf1a,c872dada5a6eb8025d5a6899161f4e052c5eea2bde501a4ae32eb19c6346bf1a,PASS_FLOAT_STORAGE_TOLERANCE,1.51861459017e-05,5.79452770173e-08,2,confirmed_adjusted
TB_13_Top_R,ch_09,3#1,suspected_gain_mismatch,manual override: confirmed by experiment context as wrong speed-range setting,high,write_adjusted_signal,59.0814196242,True,58.0281677246,signal_adjusted,d51d93fa3555f92711ff12302b2eab99624d17f01f6b0682bc0f2f42735bdfce,aec39ca95ebdaf6f15341815cadc42165b23a624a41010b1c06f0061fb80893b,aec39ca95ebdaf6f15341815cadc42165b23a624a41010b1c06f0061fb80893b,PASS_FLOAT_STORAGE_TOLERANCE,1.873671863e-06,5.83117002125e-08,3,confirmed_adjusted
TB_13_Top_R,ch_10,3#2,suspected_gain_mismatch,manual override: confirmed by experiment context as wrong speed-range setting,high,write_adjusted_signal,59.0814196242,True,58.9041099548,signal_adjusted,fc5541114a36f33003e0e3b90b76ffca9ad4637dcdb94b8c208ae980df376993,825311be76d2c2b01e2d01a8424c5daaa5a74af295d205eab1ae81d56e6fede3,825311be76d2c2b01e2d01a8424c5daaa5a74af295d205eab1ae81d56e6fede3,PASS_FLOAT_STORAGE_TOLERANCE,1.88299623005e-06,5.81443050751e-08,3,confirmed_adjusted
TB_13_Top_R,ch_11,3#3,suspected_gain_mismatch,manual override: confirmed by experiment context as wrong speed-range setting,high,write_adjusted_signal,59.0814196242,True,58.1717453003,signal_adjusted,224a3be290b7e7d9309e43b526217bc65dfc399f3fb77a112ef833a60b493940,d56c10d4fcc17fd4f814af42e3b5ea08cd3f83e9d12c5b6a9a716bba7846578b,d56c10d4fcc17fd4f814af42e3b5ea08cd3f83e9d12c5b6a9a716bba7846578b,PASS_FLOAT_STORAGE_TOLERANCE,1.51666572492e-05,5.87300458846e-08,3,confirmed_adjusted
TB_13_Top_R,ch_12,3#4,suspected_gain_mismatch,manual override: confirmed by experiment context as wrong speed-range setting,high,write_adjusted_signal,59.0814196242,True,61.2359542847,signal_adjusted,4570110e223b19f2403251dd7a8cb50fa4d167364d505411ffddbc7ac6ad5a8e,1da06a50e344d35c785e194f2f7fb25f035ff743fd4cf19356bbd072bdff79a9,1da06a50e344d35c785e194f2f7fb25f035ff743fd4cf19356bbd072bdff79a9,PASS_FLOAT_STORAGE_TOLERANCE,1.36606649903e-05,5.87694999531e-08,3,confirmed_adjusted
TB_13_Top_R,ch_13,4#1,suspected_gain_mismatch,manual override: confirmed by experiment context as wrong speed-range setting,high,write_adjusted_signal,59.0814196242,False,,signal,3042f13ee43d7957ee55df5507de61e2f5fb01beb6bb06d7e996652eb3e9ee46,,3042f13ee43d7957ee55df5507de61e2f5fb01beb6bb06d7e996652eb3e9ee46,not_applicable,,,4,ok
TB_13_Top_R,ch_14,4#2,suspected_gain_mismatch,manual override: confirmed by experiment context as wrong speed-range setting,high,write_adjusted_signal,59.0814196242,False,,signal,24732e1cf7db8c7842b500de1a1a644182dc49fcef6b11fa18f16bb2fcf8c3b4,,24732e1cf7db8c7842b500de1a1a644182dc49fcef6b11fa18f16bb2fcf8c3b4,not_applicable,,,4,ok
TB_13_Top_R,ch_15,4#3,suspected_gain_mismatch,manual override: confirmed by experiment context as wrong speed-range setting,high,write_adjusted_signal,59.0814196242,False,,signal,f7ce0657f19d416a7f45ed1c9e9226824bd86119801d9fb3099c0b727e37e3c4,,f7ce0657f19d416a7f45ed1c9e9226824bd86119801d9fb3099c0b727e37e3c4,not_applicable,,,4,ok
TB_13_Top_R,ch_16,4#4,suspected_gain_mismatch,manual override: confirmed by experiment context as wrong speed-range setting,high,write_adjusted_signal,59.0814196242,False,,signal,8479424207379aa8c03d8e3d07f285b1724b403ef0ce17031a9c4a8639c24a95,,8479424207379aa8c03d8e3d07f285b1724b403ef0ce17031a9c4a8639c24a95,not_applicable,,,4,ok
TB_13_Top_R,ch_17,5#1,suspected_gain_mismatch,manual override: confirmed by experiment context as wrong speed-range setting,high,write_adjusted_signal,59.0814196242,False,,signal,cd8d7d93b6b08c593f26679ae20b0ef5377bdee5eed8f4195a346d6b6a3396ef,,cd8d7d93b6b08c593f26679ae20b0ef5377bdee5eed8f4195a346d6b6a3396ef,not_applicable,,,5,ok
TB_13_Top_R,ch_18,5#2,suspected_gain_mismatch,manual override: confirmed by experiment context as wrong speed-range setting,high,write_adjusted_signal,59.0814196242,False,,signal,f62040c39ba0d4c6cdf7b66ab9252d8a7a30a0d66362fb9ac63cc536dc1def4c,,f62040c39ba0d4c6cdf7b66ab9252d8a7a30a0d66362fb9ac63cc536dc1def4c,not_applicable,,,5,ok
TB_13_Top_R,ch_19,5#3,suspected_gain_mismatch,manual override: confirmed by experiment context as wrong speed-range setting,high,write_adjusted_signal,59.0814196242,False,,signal,8c546d70b0d8520ae4a587452eaa8641ae6813f117c53ca4f97176b2d8e31174,,8c546d70b0d8520ae4a587452eaa8641ae6813f117c53ca4f97176b2d8e31174,not_applicable,,,5,ok
TB_13_Top_R,ch_20,5#4,suspected_gain_mismatch,manual override: confirmed by experiment context as wrong speed-range setting,high,write_adjusted_signal,59.0814196242,False,,signal,e38b330c7f126c0fd3963ead635cd106064043466c2d757da0080ae437760ac9,,e38b330c7f126c0fd3963ead635cd106064043466c2d757da0080ae437760ac9,not_applicable,,,5,ok
CSB_07_A,ch_01,1#1,suspected_gain_mismatch,experiment is far above peer group,low,mark_only,,False,,signal,4dd1cd02afa99fe6717c4ca133ad752abfa6701b5b32d8a4f6f449e5ddabd0df,,4dd1cd02afa99fe6717c4ca133ad752abfa6701b5b32d8a4f6f449e5ddabd0df,not_applicable,,,1,ok
CSB_07_A,ch_02,1#2,suspected_gain_mismatch,experiment is far above peer group,low,mark_only,,False,,signal,0bc973d47dc900eb44ce97c1259c5f604cfa561a2b476d045aa8cc26eda1e72d,,0bc973d47dc900eb44ce97c1259c5f604cfa561a2b476d045aa8cc26eda1e72d,not_applicable,,,1,ok
CSB_07_A,ch_03,1#3,suspected_gain_mismatch,experiment is far above peer group,low,mark_only,,False,,signal,bdfc5fb8074fa15d4f09224aec22bfda575c9750c4b963c1637a67e33690dc84,,bdfc5fb8074fa15d4f09224aec22bfda575c9750c4b963c1637a67e33690dc84,not_applicable,,,1,ok
CSB_07_A,ch_04,1#4,suspected_gain_mismatch,experiment is far above peer group,low,mark_only,,False,,signal,81985a7a527cb3402df9d381285f3531676493aff120d9a34b0419150d087599,,81985a7a527cb3402df9d381285f3531676493aff120d9a34b0419150d087599,not_applicable,,,1,ok
CSB_07_A,ch_05,2#1,suspected_gain_mismatch,experiment is far above peer group,low,mark_only,,False,,signal,b2c267113a62a31dc478417393814cf1d952ec64931e0662e2d7408a5c102d3c,,b2c267113a62a31dc478417393814cf1d952ec64931e0662e2d7408a5c102d3c,not_applicable,,,2,ok
CSB_07_A,ch_06,2#2,suspected_gain_mismatch,experiment is far above peer group,low,mark_only,,False,,signal,c438186aaa2663623f5ef24fb76e9a90a6bde776653a44082ebe57d537c5ae13,,c438186aaa2663623f5ef24fb76e9a90a6bde776653a44082ebe57d537c5ae13,not_applicable,,,2,ok
CSB_07_A,ch_07,2#3,suspected_gain_mismatch,experiment is far above peer group,low,mark_only,,False,,signal,80cfac61e564734a854e11a3e6207d75668281036755ff31ff2e7bbfe9c0078e,,80cfac61e564734a854e11a3e6207d75668281036755ff31ff2e7bbfe9c0078e,not_applicable,,,2,ok
CSB_07_A,ch_08,2#4,suspected_gain_mismatch,experiment is far above peer group,low,mark_only,,False,,signal,79a26b77c7df3eca88692c5e4168cf24f8bd32c5e1b79c2af13a29c7100211f1,,79a26b77c7df3eca88692c5e4168cf24f8bd32c5e1b79c2af13a29c7100211f1,not_applicable,,,2,ok
CSB_07_A,ch_09,3#1,suspected_gain_mismatch,experiment is far above peer group,low,mark_only,,False,,signal,ba282d4b3ec4a42c54b947864891e46c70333d937eefa834b7a41c74d4992c6f,,ba282d4b3ec4a42c54b947864891e46c70333d937eefa834b7a41c74d4992c6f,not_applicable,,,3,ok
CSB_07_A,ch_10,3#2,suspected_gain_mismatch,experiment is far above peer group,low,mark_only,,False,,signal,f6e05b9a2625caf23e7952fd4b879c486925210eb5476e3301ea6e2da4ac9a41,,f6e05b9a2625caf23e7952fd4b879c486925210eb5476e3301ea6e2da4ac9a41,not_applicable,,,3,ok
CSB_07_A,ch_11,3#3,suspected_gain_mismatch,experiment is far above peer group,low,mark_only,,False,,signal,8107df0fd55574c535443ed1524f44420d7cabfb413eb9c2e6fd71d52509e202,,8107df0fd55574c535443ed1524f44420d7cabfb413eb9c2e6fd71d52509e202,not_applicable,,,3,ok
CSB_07_A,ch_12,3#4,suspected_gain_mismatch,experiment is far above peer group,low,mark_only,,False,,signal,a878ed2e0acb33f841067fc191c59886a236c0927d3a209e461e944a215bc8e6,,a878ed2e0acb33f841067fc191c59886a236c0927d3a209e461e944a215bc8e6,not_applicable,,,3,ok
CSB_07_A,ch_13,4#1,suspected_gain_mismatch,experiment is far above peer group,low,mark_only,,False,,signal,0a43b0ac0fced1c7d3c23f8c12e7f080385ad510a41bc0ac540d2ea9d319535c,,0a43b0ac0fced1c7d3c23f8c12e7f080385ad510a41bc0ac540d2ea9d319535c,not_applicable,,,4,ok
CSB_07_A,ch_14,4#2,suspected_gain_mismatch,experiment is far above peer group,low,mark_only,,False,,signal,0a8a9c8f2a2453e25b4adb84b74a9beccf7a42f38f0ec4f6ca4cf66132664183,,0a8a9c8f2a2453e25b4adb84b74a9beccf7a42f38f0ec4f6ca4cf66132664183,not_applicable,,,4,ok
CSB_07_A,ch_15,4#3,suspected_gain_mismatch,experiment is far above peer group,low,mark_only,,False,,signal,6f251d5fb2ae9aad0826a356a4a126a0cde320ef751bcf4cc17c3d6bfe18b6e6,,6f251d5fb2ae9aad0826a356a4a126a0cde320ef751bcf4cc17c3d6bfe18b6e6,not_applicable,,,4,ok
CSB_07_A,ch_16,4#4,suspected_gain_mismatch,experiment is far above peer group,low,mark_only,,False,,signal,389d861caf6aa6c7365633308b72d1023e497de842dd40fb709d1522efbf8c33,,389d861caf6aa6c7365633308b72d1023e497de842dd40fb709d1522efbf8c33,not_applicable,,,4,ok
CSB_07_A,ch_17,5#1,suspected_gain_mismatch,experiment is far above peer group,low,mark_only,,False,,signal,a050c5749b68095fb619ea75637ab13f4837415733db4660bc56f696062ed0b6,,a050c5749b68095fb619ea75637ab13f4837415733db4660bc56f696062ed0b6,not_applicable,,,5,too_high
CSB_07_A,ch_18,5#2,suspected_gain_mismatch,experiment is far above peer group,low,mark_only,,False,,signal,a100727325923a8f29ba743c0dd82f638ed2a39ed34e853406ba4fefbe961f6d,,a100727325923a8f29ba743c0dd82f638ed2a39ed34e853406ba4fefbe961f6d,not_applicable,,,5,too_high
CSB_07_A,ch_19,5#3,suspected_gain_mismatch,experiment is far above peer group,low,mark_only,,False,,signal,09b4535ba709c0bce74bcc482f52e3b6d41a41649299f3354ca6bc931b9b329e,,09b4535ba709c0bce74bcc482f52e3b6d41a41649299f3354ca6bc931b9b329e,not_applicable,,,5,too_high
CSB_07_A,ch_20,5#4,suspected_gain_mismatch,experiment is far above peer group,low,mark_only,,False,,signal,cd76d6a768ae72b9084d6fa9ff424b66ff9ffd151746ecc254d2da5c66da70db,,cd76d6a768ae72b9084d6fa9ff424b66ff9ffd151746ecc254d2da5c66da70db,not_applicable,,,5,too_high
